objectid_1,objectid,acreage,sqft,final_cat,type,sector,origpkname,updatepknm,alterntnam,divname,shape_leng,globalid,created_user,created_date,last_edited_user,last_edited_date,maintenanceresponsibility,dpw_ac,globalid_2,shape_area,shape_length
1,7,4.02708069,175418.93301902,Neighborhood Park,NP,5,Alton Playground,Alton Park,Alton Park,Western,1680.93778101,5469398c-9490-4e55-b4d4-776bc4862a7e,pgh.admin,2021-11-02T15:32:09.725000+00:00,pgh.admin,2021-11-02T15:32:09.725000+00:00,Parks - Southern,4.02708068633731,da0d2882-2417-459e-8ef9-a417abe0ebbb,28146.015625,673.341515971604
2,50,6.7457143,293842.13973275,Neighborhood Park,NP,4,Dunbar Playground,Dunbar Park,Dunbar Park,Western,2666.55630682,5d9753a7-660a-4015-abb1-96fb651a03cf,pgh.admin,2021-11-02T15:32:09.725000+00:00,pgh.admin,2021-11-02T15:32:09.725000+00:00,Parks - Western,6.74571430451881,b8f9d54d-524c-471a-ab3a-407498248674,47180.68359375,1068.12857339807
3,44,7.22028579,314514.3911635,Neighborhood Park,NP,13,Curto Park,Frank Curto Park,Frank Curto Park,State,4947.79134007,789bcaf2-11c5-4ada-82e8-e03ad3899319,pgh.admin,2021-11-02T15:32:09.725000+00:00,pgh.admin,2021-11-02T15:32:09.725000+00:00,Parks - Schenley,7.22028579487693,01c4e4da-165e-4f1b-99bf-75ef45631820,50518.4140625,1980.85650192447
4,38,4.22351288,183975.48527285,Neighborhood Park,NP,1,Cowley Playground,Cowley Park,Cowley Park,Northern,1706.73971546,d8f9288e-6a5e-4640-8245-97a8c6a95248,pgh.admin,2021-11-02T15:32:09.725000+00:00,pgh.admin,2021-11-02T15:32:09.725000+00:00,Parks - Northern,4.22351288285124,cc0a7aa9-3c18-408c-8b8e-9ce538545dab,29557.37890625,683.92287791608
5,121,5.19255903,226186.96645814,Neighborhood Park,NP,4,McGonigle Playground,McGonigle Park,McGonigle Park,Western,4098.9491653,96e44c78-3181-4961-8e84-b40b284bbfb6,pgh.admin,2021-11-02T15:32:09.725000+00:00,pgh.admin,2021-11-02T15:32:09.725000+00:00,Parks - Western,5.19255902683011,1a0f5318-3843-44d2-8ebd-3535cd8532e5,36340.35546875,838.911194598375
6,58,0.85385041,37193.57508534,Regional Park,RP,6,Eileen McCoy Parklet,Emerald View Park - Eileen McCoy Park,Emerald View Regional Park,Western,780.26813719,85e78b3f-6464-4be8-a756-695779735770,pgh.admin,2021-11-02T15:32:09.725000+00:00,pgh.admin,2021-11-02T15:32:09.725000+00:00,Parks - Western,0.85385041001108,9763ac1a-8d25-4b00-9806-ca46a9ce2d96,5971.8984375,312.666485129927
7,172,6.62192106,288449.7276183,Neighborhood Park,NP,1,Spring Garden Field,Spring Garden Park,Spring Garden Park,Northern,1231.0089363,cafe92f4-0b45-42f4-9411-15363c7d50d1,pgh.admin,2021-11-02T15:32:09.725000+00:00,pgh.admin,2021-11-02T15:32:09.725000+00:00,Parks - Northern,6.62192106108062,ddff86b5-bbf7-430f-a88a-96275c88ff29,46351.18359375,1403.75010434426
8,190,22.54139275,981899.14068986,Community Park,CP,13,West Penn Park,West Penn Park,West Penn Park,State,4544.06311033,a0481df3-0fb0-4913-8d63-74cf6358656b,pgh.admin,2021-11-02T15:32:09.725000+00:00,pgh.admin,2021-11-02T15:32:09.725000+00:00,Parks - Schenley,22.541392752484,0ef973db-1563-4b63-935e-a9494b8dc1c2,157734.1796875,1820.3361825004
9,22,1.68346994,73331.65745964,Neighborhood Park,NP,9,Blair St Parklet,Blair Street Park,Blair St. Park,Schenley,1179.30834272,284d433b-7f9f-4708-83ff-c76d15c28685,pgh.admin,2021-11-02T15:32:09.725000+00:00,pgh.admin,2021-11-02T15:32:09.725000+00:00,Parks - Schenley,1.68346994460849,ddbc11be-55b1-4a67-ba01-0769e929b291,11762.42578125,472.659605763048
10,29,0.09355207,4075.11198378,Beautification Site,BTF,5,Brookline Monument,Brookline Monument,Brookline Monument,Southern,301.24993005,db8866c6-e4e2-40cc-9b91-b6a61dbb8579,pgh.admin,2021-11-02T15:32:09.725000+00:00,pgh.admin,2021-11-02T15:32:09.725000+00:00,4th Division,9.35520726418919E-02,1d64b533-b6e1-4445-9b9d-ca6c29e63d30,653.43359375,120.556638587203
11,20,0.24159906,10524.01282457,Beautification Site,BTF,5,Beechview Monument,Beechview Monument,Beechview Monument,Western,444.08349025,de2ca330-1b55-483d-9403-4637822ca5e3,pgh.admin,2021-11-02T15:32:09.725000+00:00,pgh.admin,2021-11-02T15:32:09.725000+00:00,5th Division,0.241599056950036,36456426-ff3d-4486-ad60-14178d66021e,1688.03125,177.947133385568
12,192,0.01301447,566.90806804,Beautification Site,BTF,4,Westwood Island,Westwood Island,Westwood Island,Western,93.1245652,82bd048c-8ac4-45af-991b-72228f39bd32,pgh.admin,2021-11-02T15:32:09.725000+00:00,pgh.admin,2021-11-02T15:32:09.725000+00:00,5th Division,1.30144705159557E-02,3113ca0f-b3cf-4b2a-bc20-f9aacdbc8fc5,91.03125,37.3102791515177
13,12,1.48849278,64838.48626932,Neighborhood Park,NP,7,Armstrong Playground,Armstrong Park,Armstrong Park,Southern,1015.27727183,8b1b9560-5b36-4925-93a2-205b276edb4f,pgh.admin,2021-11-02T15:32:09.725000+00:00,pgh.admin,2021-11-02T15:32:09.725000+00:00,Parks - Southern,1.48849278292105,62cb09d7-402d-4fae-a327-6b34f05deda5,10407.5078125,403.618578648289
14,166,0.14885629,6484.15395273,Beautification Site,BTF,4,Sheraden Monument,Sheraden Monument,Sheraden Monument,Western,369.47866131,8418b4f5-e453-45fb-9b9f-71b56a782739,pgh.admin,2021-11-02T15:32:09.725000+00:00,pgh.admin,2021-11-02T15:32:09.725000+00:00,5th Division,0.148856287636088,11a95706-e165-43c9-93a9-b7af75fca271,1041.58984375,148.113103310273
15,94,0.59325563,25842.11185087,Neighborhood Park,NP,3,Jefferson Playground,Jefferson Park,Jefferson Park,Northern,679.93778871,fbfc5a30-c277-428b-b9a3-d8fd5eb06a64,pgh.admin,2021-11-02T15:32:09.725000+00:00,pgh.admin,2021-11-02T15:32:09.725000+00:00,Parks - Northern,0.59325562946793,c6f0e2ed-ddc2-464b-b144-26b4264dc2ff,4151.84375,272.710547317956
16,206,6.41794151,279564.41396644,Neighborhood Park,NP,1,Spring Hill Playground,Spring Hill Park,Spring Hill Park,Northern,2401.52521801,1be984a8-ff8e-4e15-baaf-ba53e2fac8c3,pgh.admin,2021-11-02T15:32:09.725000+00:00,pgh.admin,2021-11-02T15:32:09.725000+00:00,Parks - Northern,6.4179415111903,10c2c167-0443-4d0f-9f4a-1b57a3e7a346,44930.03515625,962.288433488359
17,39,0.08777855,3823.61818197,Beautification Site,BTF,14,Craft Triangle,Craft Triangle,Craft Triangle,Schenley,249.4495686,ed06cbc2-d61c-453c-a61f-0b2f2aea4fac,pgh.admin,2021-11-02T15:32:09.725000+00:00,pgh.admin,2021-11-02T15:32:09.725000+00:00,3rd Division,8.77785462922157E-02,0fde0d53-a670-49ea-b4ee-072393462a1e,613.890625,99.9276835879911
18,16,0.27823484,12119.86120851,Beautification Site,BTF,14,Bates St Triangle,Bates St Triangle,Bates St Triangle,Schenley,431.50681888,88d2aac9-ab97-4fe4-95de-093659d7a5fd,pgh.admin,2021-11-02T15:32:09.725000+00:00,pgh.admin,2021-11-02T15:32:09.725000+00:00,3rd Division,0.278234841324518,69903000-5b2a-43ea-bc68-0cee1e48959b,1945.78125,172.882153721956
19,104,6.02794437,262576.20632833,Neighborhood Park,NP,13,Leslie Park,Leslie Park,Leslie Park,Northeast,2066.00460031,8728e9ee-a6c5-49fa-80f8-b369a26aae02,pgh.admin,2021-11-02T15:32:09.725000+00:00,pgh.admin,2021-11-02T15:32:09.725000+00:00,Parks - Northeast,6.02794436722474,9834eab9-a3e5-40d0-bb66-2adc4fd4f021,42203.01953125,828.42073406899
20,93,0.03451084,1503.28634521,Beautification Site,BTF,16,Jail Triangle,Jail Triangle,Jail Triangle,State,169.0067854,2193e97c-d602-446e-94a5-d37370e864ec,pgh.admin,2021-11-02T15:32:09.725000+00:00,pgh.admin,2021-11-02T15:32:09.725000+00:00,6th Division,3.45108438562134E-02,8f59ee96-a6c1-42b9-8aa9-9871d8dcfee8,241.375,67.6634128681743
21,177,1.18120924,51453.26866362,Neighborhood Park,NP,10,Swisshelm Parklet,Swisshelm Park,Swisshelm Park,Eastern,909.71795803,a345eae0-81c6-4e68-88ef-e73c5717311f,pgh.admin,2021-11-02T15:32:09.725000+00:00,pgh.admin,2021-11-02T15:32:09.725000+00:00,Parks - Eastern,1.18120923960782,6324ca2e-1ae0-49e2-9f35-d61c37fa4485,8257.27734375,364.462447565535
22,204,0.64868509,28256.60933125,Neighborhood Park,NP,4,Townsend Parklet,Townsend Park,Townsend Park,Western,669.53504644,446d0fe8-1532-4253-8258-fcb5c0677421,pgh.admin,2021-11-02T15:32:09.725000+00:00,pgh.admin,2021-11-02T15:32:09.725000+00:00,Parks - Western,0.648685086272452,2f82c6a5-15e8-4905-b8aa-b8caa2ed6bdd,4537.61328125,268.291037707778
23,95,5.41337556,235805.69596935,Neighborhood Park,NP,12,Joe Natoli Playground,Joe Natoli Park,Joe Natoli Park,Northeast,2027.25345377,bc75545d-28e9-4c68-b1fd-40fa6c3b3bbf,pgh.admin,2021-11-02T15:32:09.725000+00:00,pgh.admin,2021-11-02T15:32:09.725000+00:00,Parks - Northeast,5.41337555544003,22cfa390-b96e-44f5-9fae-c65f28519d6b,37912.62109375,812.79938199073
24,62,3.55487677,154849.81274123,Neighborhood Park,NP,4,Fairywood Playground,Fairywood Park,Fairywood Park,Western,1580.61786622,b14e6db3-cd9c-4ce2-9b58-aa2632b7a75f,pgh.admin,2021-11-02T15:32:09.725000+00:00,pgh.admin,2021-11-02T15:32:09.725000+00:00,Parks - Western,3.5548767709444,648ddfb5-86cd-40df-874e-5fcaabc03692,24870.94140625,633.400422720458
25,114,2.80961088,122386.16025268,Neighborhood Park,NP,3,Manchester Playground,Manchester School Park,Manchester School Park,Northern,1734.43395184,98a049bc-a038-4cf7-bc06-a8ab9c41582f,pgh.admin,2021-11-02T15:32:09.725000+00:00,pgh.admin,2021-11-02T15:32:09.725000+00:00,Parks - Northern,2.80961087692343,cd5140c0-d6de-4e8b-ada7-2594287fa5c3,19661.42578125,572.715091524558
27,106,1.15757262,50423.66174269,Beautification Site,BTF,16,Liberty Avenue Island,Liberty Avenue Island,Liberty Avenue Island,State,2220.12911752,ab150e5d-67ff-4b95-a634-3e3c5397f38b,pgh.admin,2021-11-02T15:32:09.725000+00:00,pgh.admin,2021-11-02T15:32:09.725000+00:00,6th Division,1.15757262254229,fe4ab18c-df3a-4274-aa70-245e160aae6e,8096.93359375,888.842052885059
28,209,1.61390665,70301.49267475,Beautification Site,BTF,16,Fort Duquesne Blvd Strip,Fort Duquesne Blvd Strip,Fort Duquesne Blvd Strip,State,8077.47299568,683f2117-5293-470b-89bd-a70f4e6775bd,pgh.admin,2021-11-02T15:32:09.725000+00:00,pgh.admin,2021-11-02T15:32:09.725000+00:00,6th Division,1.61390665476499,ead3bd0f-fe39-44d0-8665-0e61aeb8f89c,11289.78515625,3232.34408314909
29,218,8.83743664,384957.20034375,Neighborhood Park,NP,,,Washington's Landing Park,,,,,pgh.admin,2021-11-02T15:32:09.725000+00:00,pgh.admin,2021-11-02T15:32:09.725000+00:00,Parks - Northern,8.83743664318581,ecc20a0a-80ae-4868-9e80-85e751bfa989,61865.47265625,1258.3431999142
30,134,0.89138456,38828.55601983,Beautification Site,BTF,12,Negley Run Blvd,Negley Run Blvd,Negley Run Blvd,Northeast,1568.61965766,0d64322c-0c5d-4008-9652-0cf4c8e5075e,pgh.admin,2021-11-02T15:32:09.725000+00:00,pgh.admin,2021-11-02T15:32:09.725000+00:00,2nd Division,0.891384557725449,82f63ac9-7b52-4a64-94a1-ad4bc7313bd1,6239.703125,628.000685950562
31,88,0.05664555,2467.47026864,Beautification Site,BTF,12,Highland Ave Plant Strip,Highland Ave Plant Strip,Highland Ave Plant Strip,Northeast,361.07461526,646d5e11-0ec7-4f5b-81ad-0e50bd2bfcbe,pgh.admin,2021-11-02T15:32:09.725000+00:00,pgh.admin,2021-11-02T15:32:09.725000+00:00,2nd Division,5.66455495535085E-02,88d9bae8-758e-4cb6-aba8-de0923701d95,396.50390625,144.567812257912
32,136,0.15624296,6805.91594567,Beautification Site,BTF,12,Negley-Collins Triangle,Negley-Collins Triangle,Negley-Collins Triangle,Northeast,340.7149413,6800cfe2-5d26-4f19-a71f-8e507978ad94,pgh.admin,2021-11-02T15:32:09.725000+00:00,pgh.admin,2021-11-02T15:32:09.725000+00:00,2nd Division,0.156242956138908,5b27c2cb-c9ae-467c-ab62-cf1b12f195f7,1093.6796875,136.510972072081
33,124,0.6059212,26393.82169747,Beautification Site,BTF,11,McPherson Blvd Strip,McPherson Blvd Strip,McPherson Blvd Strip,Eastern,2418.06827803,7b7961f7-5e49-410f-a46c-cb27d41465fc,pgh.admin,2021-11-02T15:32:09.725000+00:00,pgh.admin,2021-11-02T15:32:09.725000+00:00,Parks - Eastern,0.605921195433321,1e65e5d7-94b0-4233-9251-1f9dd63067d3,4239.94921875,968.221965195105
34,179,0.59164129,25771.79164892,Beautification Site,BTF,11,Thomas Blvd Planting Strip,Thomas Blvd Planting Strip,Thomas Blvd Planting Strip,Eastern,2507.73330983,241f501a-1070-401c-b117-168461d0d1ca,pgh.admin,2021-11-02T15:32:09.725000+00:00,pgh.admin,2021-11-02T15:32:09.725000+00:00,Parks - Eastern,0.591641293305781,523731af-ae77-4db5-80e1-c80f88d8e9dc,4139.921875,1004.09444420046
35,100,0.12453154,5424.57228537,Beautification Site,BTF,10,Le Roi Rd Island,Le Roi Rd Island,Le Roi Rd Island,Eastern,541.81569145,f6aa791b-e26a-4809-8abb-6b6b83fc14cc,pgh.admin,2021-11-02T15:32:09.725000+00:00,pgh.admin,2021-11-02T15:32:09.725000+00:00,3rd Division,0.124531542325976,5d913ce1-736f-4b32-8f08-ab1cdef16fe7,871.21484375,217.385188566091
36,159,0.03792438,1651.9793821,Beautification Site,BTF,10,Reynolds St Planting Circle,Reynolds St Planting Circle,Reynolds St Planting Circle,Eastern,144.68059197,530e9f89-cd66-4416-bcfc-5427f7dd7f84,pgh.admin,2021-11-02T15:32:09.725000+00:00,pgh.admin,2021-11-02T15:32:09.725000+00:00,3rd Division,3.79243799366842E-02,92be9c63-23e5-4e33-b3dd-069181985bb7,265.30859375,57.9812546206293
37,76,0.00106942,46.58370335,Beautification Site,BTF,10,Glen Arden Circle,Glen Arden Circle,Glen Arden Circle,Eastern,24.316377,c273533e-c3d7-41a9-ad58-cac20ff7937b,pgh.admin,2021-11-02T15:32:09.725000+00:00,pgh.admin,2021-11-02T15:32:09.725000+00:00,3rd Division,1.06941895512493E-03,1a5fe82d-4c29-48e5-8a88-a9f6d3b04510,7.484375,9.74490836106217
38,77,0.0072054,313.86589242,Beautification Site,BTF,10,Glen Arden Triangle,Glen Arden Triangle,Glen Arden Triangle,Eastern,69.95243577,42b935d1-085d-4ec1-951b-8c2e02bf702a,pgh.admin,2021-11-02T15:32:09.725000+00:00,pgh.admin,2021-11-02T15:32:09.725000+00:00,3rd Division,7.20539825269681E-03,120237e1-8e77-4df4-8eab-2f88cf96309f,50.40625,28.0412167618791
39,57,0.00165399,72.04733352,Beautification Site,BTF,10,Edgerton Circle,Edgerton Circle,Edgerton Circle,Eastern,30.2251192,aaa0ea46-f889-43ee-92a4-8d2cb5f28154,pgh.admin,2021-11-02T15:32:09.725000+00:00,pgh.admin,2021-11-02T15:32:09.725000+00:00,3rd Division,1.65398580598273E-03,bf2f3f97-1f6a-4914-943f-34c12d69f62c,11.56640625,12.1129845563024
40,126,0.67192713,29269.02887278,Beautification Site,BTF,10,Mellon Park Island,Mellon Park Island,Mellon Park Island,Eastern,744.325083,79324a1c-1ea2-4101-8abc-c0bb3353dfc8,pgh.admin,2021-11-02T15:32:09.725000+00:00,pgh.admin,2021-11-02T15:32:09.725000+00:00,3rd Division,0.671927133820977,d45f3a33-ead4-46aa-bc40-3505e93a200d,4701.47265625,298.394611165586
41,151,0.07362101,3206.91849924,Beautification Site,BTF,12,Penn Circle W Triangle,S Euclid Ave Triangle,S Euclid Ave Triangle,Northeast,345.90545485,2a334f85-c134-4aac-8158-d03cf25f5b55,pgh.admin,2021-11-02T15:32:09.725000+00:00,pgh.admin,2021-11-02T15:32:09.725000+00:00,2nd Division,7.36210130154146E-02,1e3c9f3a-1b31-4567-9a1d-5e3e8cba7a68,515.27734375,138.674743941838
42,150,0.02981724,1298.83372339,Beautification Site,BTF,12,Penn Circle W Square,N Euclid Ave Square,N Euclid Ave Square,Northeast,194.32174019,d12831e9-bd61-4c52-ab4d-9931dd5f4f42,pgh.admin,2021-11-02T15:32:09.725000+00:00,pgh.admin,2021-11-02T15:32:09.725000+00:00,2nd Division,2.98172387221314E-02,74686eca-3d9a-42cf-bcdb-049f65c6b021,208.6953125,77.8427059974591
43,8,0.10325286,4497.67643554,Beautification Site,BTF,12,Amber Triangle,Amber Triangle,Amber Triangle,Northeast,296.74385881,f2ac7993-bc0c-4271-9071-e469f8f652cc,pgh.admin,2021-11-02T15:32:09.725000+00:00,pgh.admin,2021-11-02T15:32:09.725000+00:00,2nd Division,0.103252856434758,539ed798-a512-4258-a5cb-3984e96044e5,722.6171875,118.904249355041
44,17,0.27630339,12035.72741039,Beautification Site,BTF,12,Baum Negley Triangle,Baum Negley Triangle,Baum Negley Triangle,Northeast,504.37222474,fa3d8490-619c-4c5d-acee-a60c745dd8b5,pgh.admin,2021-11-02T15:32:09.725000+00:00,pgh.admin,2021-11-02T15:32:09.725000+00:00,2nd Division,0.276303387360869,759674ea-1c6b-48ff-bf59-4d05b2df0e93,1933.64453125,202.080501179449
45,69,4.54113022,197810.84126924,Beautification Site,BTF,12,Frankstown Triangle 1 & 2,Frankstown Triangle 1 & 2,Frankstown Triangle 1 & 2,Northeast,3139.28567015,732bc31d-d5bf-4d93-b8be-795a9bdeaf77,pgh.admin,2021-11-02T15:32:09.725000+00:00,pgh.admin,2021-11-02T15:32:09.725000+00:00,2nd Division,4.54113022302529,2c5356d3-2c2f-492a-b7ff-9986da79e48c,31782.63671875,1259.27087224346
46,155,0.02312035,1007.11843125,Beautification Site,BTF,13,Polish Hill Monument,Polish Hill Monument,Polish Hill Monument,Schenley,134.44142936,b37088bf-d7c0-401e-9d93-e5f9f85ca70b,pgh.admin,2021-11-02T15:32:09.725000+00:00,pgh.admin,2021-11-02T15:32:09.725000+00:00,2nd Division,2.31203503152232E-02,f65134c5-37b1-4379-905f-1a7ca81cfe4b,161.78515625,53.9272349600803
47,128,0.07906007,3443.84302078,Beautification Site,BTF,10,Monitor St and St Phil Islands,Monitor St and St Phil Islands,Monitor St and St Phil Islands,Eastern,251.94530266,8b16bb3a-205c-4812-aa9a-ad87e31e2a78,pgh.admin,2021-11-02T15:32:09.725000+00:00,pgh.admin,2021-11-02T15:32:09.725000+00:00,3rd Division,7.90600733745719E-02,75298895-6764-48dd-8677-37a984f4c0a0,552.76171875,100.902864147407
48,102,0.14585206,6353.29040585,Neighborhood Park,NP,1,Leister St Parklet,Leister Street Park,Leister Street Park,Northern,410.53604786,a9d16cfe-003c-476c-8ea2-0d522202d3ea,pgh.admin,2021-11-02T15:32:09.725000+00:00,pgh.admin,2021-11-02T15:32:09.725000+00:00,Parks - Northern,0.145852061962494,77ecb1b3-4179-4aef-ace5-0925e3f7a861,1020.82421875,130.91622335554
49,207,1.48028571,64480.9874778,Neighborhood Park,NP,5,Tropical Parklet,Tropical Park,Tropical Park,Western,1057.28576373,96b7ba58-af4f-4803-a06a-ee46a0219b12,pgh.admin,2021-11-02T15:32:09.725000+00:00,pgh.admin,2021-11-02T15:32:09.725000+00:00,Parks - Southern,1.48028570712865,0ff45ef6-b0bc-4e41-9b95-58a608888975,10348.34765625,423.434904320372
50,113,2.30585031,100442.43753657,Neighborhood Park,NP,3,Manchester Park,Manchester Park,Manchester Park,Northern,1563.26918368,ce0b955c-091a-4ce4-a0bd-6f24dfe298bb,pgh.admin,2021-11-02T15:32:09.725000+00:00,pgh.admin,2021-11-02T15:32:09.725000+00:00,Parks - Northern,2.30585030549876,df96db6f-210c-40ec-b081-26daaf1fdc06,16137.078125,626.167594035937
51,225,0.84409285,36768.53760821,Neighborhood Park,NP,,,Washburn Square Park,,,,,pgh.admin,2021-11-02T15:32:09.725000+00:00,pgh.admin,2021-11-02T15:32:09.725000+00:00,Parks - Northern,0.844092853140572,289b9d42-4109-49c1-98cd-284e1ae83698,5908.66796875,357.043991716175
52,83,1.26313167,55021.79543141,Neighborhood Park,NP,8,Hays Parklet,Hays Park,Hays Park,Southern,1369.16447913,286d8335-f1a8-402b-969d-0ede4cfcd2cc,pgh.admin,2021-11-02T15:32:09.725000+00:00,pgh.admin,2021-11-02T15:32:09.725000+00:00,Parks - Eastern,1.26313166940442,10910a0d-b3a3-4c22-8d9f-38d8515240fe,8820.15625,548.102964564386
53,185,2.43646042,106131.79150183,Neighborhood Park,NP,4,Wabash Playground,Wabash Park,Wabash Park,Western,1676.46021167,92eb8cf6-4bbf-4a30-8b50-91ffe4b4fdda,pgh.admin,2021-11-02T15:32:09.725000+00:00,pgh.admin,2021-11-02T15:32:09.725000+00:00,Parks - Western,2.43646042310085,d296bef2-f3de-43be-8b61-9a15bf76a663,17041.1484375,672.525133989985
54,117,0.2601979,11334.1751753,Neighborhood Park,NP,2,Marshall- California Parklet,Marshall-California Park,Marshall-California Park,Northern,410.24135099,983fe92d-da67-43c0-8bc3-997714b25d4d,pgh.admin,2021-11-02T15:32:09.725000+00:00,pgh.admin,2021-11-02T15:32:09.725000+00:00,Parks - Northern,0.260197899727601,0222ae1c-57c0-46e4-acde-42c73e57acc6,1821.16796875,164.399718663911
55,54,11.13592221,485078.8310886,Community Park,CP,11,East Hills Park,East Hills Park,East Hills Park,Eastern,3990.46535446,ef396672-2c4a-4eda-ae69-204f645a1602,pgh.admin,2021-11-02T15:32:09.725000+00:00,pgh.admin,2021-11-02T15:32:09.725000+00:00,Parks - Eastern,11.1359222086718,f6ecef12-6b04-4160-a576-234ddf648551,77920.0234375,1599.65406876216
56,223,0.01644214,716.21696144,Special Use Park,SU,,,Swisshelm War Memorial,,,,,pgh.admin,2021-11-02T15:32:09.725000+00:00,pgh.admin,2021-11-02T15:32:09.725000+00:00,3rd Division,0.016442144773045,f279bf8d-0098-4a8b-ba42-dfa240fbe33c,114.9375,46.4721486479487
57,97,0.97633545,42529.00218732,Neighborhood Park,NP,12,Kite Hill Parklet,Kite Hill Park,Kite Hill Park,Northeast,858.45771873,02503ebc-2418-4c2e-b973-7e5d809e7408,pgh.admin,2021-11-02T15:32:09.725000+00:00,pgh.admin,2021-11-02T15:32:09.725000+00:00,Parks - Northeast,0.976335452337993,a7a09eef-767b-4750-b057-365fabf7a2b5,6834.3671875,349.593999032019
58,202,110.49978613,4813351.43048473,Regional Park,RP,6,Other Undesignated Property,Emerald View Regional Park,Emerald View Regional Park,Western,69193.6153746,9eadaba3-1096-43fe-8237-adca8c01c9e0,pgh.admin,2021-11-02T15:32:09.725000+00:00,pgh.admin,2021-11-02T15:32:09.725000+00:00,,110.499786132879,653eb32b-40c5-4794-90d8-d17d47920115,772774.13671875,28433.549695509
59,6,0.17569801,7653.37476652,Neighborhood Park,NP,3,Alpine #2 Parklet,Alpine Gardens Park,Alpine Gardens Park,Northern,302.56218263,d2665673-a177-4850-8941-8ce097a592ec,pgh.admin,2021-11-02T15:32:09.725000+00:00,pgh.admin,2021-11-02T15:32:09.725000+00:00,Parks - Northern,0.1756980114809,ca0374cf-774f-4102-99bb-052e11589eb4,1229.546875,200.500251565029
60,203,0.20055526,8736.1521173,Neighborhood Park,NP,1,Lookout St Parklet,Lookout Street Park,Lookout Street Park,Northern,732.17211657,cf15f763-5076-4f31-875f-93d14fdd8a03,pgh.admin,2021-11-02T15:32:09.725000+00:00,pgh.admin,2021-11-02T15:32:09.725000+00:00,Parks - Northern,0.20055525854017,6cfc40b2-bc83-43dc-90cf-629fbcf2be9b,1403.98828125,147.679409810257
61,42,0.28036624,12212.70451871,Neighborhood Park,NP,2,Cross & Strauss Parklet,Cross and Strauss Park,Cross and Strauss Park,Northern,474.7128683,f9c675a5-8da5-4e06-a308-2cf81ad5cc8f,pgh.admin,2021-11-02T15:32:09.725000+00:00,pgh.admin,2021-11-02T15:32:09.725000+00:00,Parks - Northern,0.280366238973166,6754df19-08a3-4628-a93f-4bdd6fb13995,1962.4453125,180.872290967484
62,52,0.47028509,20485.53646428,Neighborhood Park,NP,4,East Carnegie Parklet,East Carnegie Park,East Carnegie Park,Western,573.2494265,dc099b67-b6ee-46da-bb87-4a7086b3c33a,pgh.admin,2021-11-02T15:32:09.725000+00:00,pgh.admin,2021-11-02T15:32:09.725000+00:00,Parks - Western,0.470285087389201,90137589-e4ea-446b-8937-0b82e351a91d,3286.91796875,229.61991753294
63,213,1.59846479,69628.84794094,Community Park,CP,2,Garvin Park,Garvin Park,Garvin Park,Northern,1257.12905344,ab7d15a3-5b0e-443c-bf14-dcd01d68da59,pgh.admin,2021-11-02T15:32:09.725000+00:00,pgh.admin,2021-11-02T15:32:09.725000+00:00,Parks - Northern,1.59846479470087,060e21d0-df3f-43d1-9922-01730626d5e7,11197.72265625,462.991312188319
64,220,0.51336886,22362.25811853,Special Use Park,SU,,,West End Healthy Active Living Center,,,,,pgh.admin,2021-11-02T15:32:09.725000+00:00,pgh.admin,2021-11-02T15:32:09.725000+00:00,Parks - Western,0.513368860602208,9b2c0a9e-2461-4237-bf6d-adf022e18cfb,3590.5859375,292.908594979001
65,73,3.42606896,149238.96676382,Neighborhood Park,NP,1,Gardner Field,Gardner Park,Gardner Park,Northern,1857.62322656,62e2d7c6-aeec-4aef-83a6-3fd1f4dcb8ee,pgh.admin,2021-11-02T15:32:09.725000+00:00,pgh.admin,2021-11-02T15:32:09.725000+00:00,Parks - Northern,3.42606895595675,52308294-6caa-4b7b-bdb1-6f30cb8f7906,23978.8046875,744.821627789134
66,137,0.26202501,11413.76384001,Neighborhood Park,NP,12,Nelson Mandela Peace Park,Nelson Mandela Peace Park,Nelson Mandela Peace Park,Northeast,380.74585599,35047ae7-12cb-4117-a56d-9651d14ca53e,pgh.admin,2021-11-02T15:32:09.725000+00:00,pgh.admin,2021-11-02T15:32:09.725000+00:00,Parks - Northeast,0.26202501137181,3fb15e37-32e8-4ae6-b733-606cfed28acd,1834.13671875,172.497314777716
67,219,0.05640572,2457.02344516,Regional Park,RP,,,Emerald View Park - Shiloh Street Park,,,,,pgh.admin,2021-11-02T15:32:09.725000+00:00,pgh.admin,2021-11-02T15:32:09.725000+00:00,Parks - Western,5.64057225270754E-02,d44505d5-2e91-435f-871f-93d4ef22af45,394.42578125,80.7561892268673
68,147,0.09002187,3921.3368803,Beautification Site,BTF,14,Parkview Islands,Parkview Islands,Parkview Islands,Schenley,1353.95997309,1f683a5a-8c27-4cdf-b2cb-5d8ac86be602,pgh.admin,2021-11-02T15:32:09.725000+00:00,pgh.admin,2021-11-02T15:32:09.725000+00:00,3rd Division,9.00218678993007E-02,831e19a2-c027-4d0d-b3d9-23553a1b2407,629.59375,543.372449584444
69,41,0.15442453,6726.70568082,Public School,SCH,11,Crescent School,Crescent School,Falson School,Eastern,345.24365468,222181fd-ed02-4c3c-819a-8dbea5c5bdea,pgh.admin,2021-11-02T15:32:09.725000+00:00,pgh.admin,2021-11-02T15:32:09.725000+00:00,,0.154424531398537,25d992f7-be9a-4347-a95d-ccd5f2102734,1080.5625,138.292226859571
70,107,1.07958499,47026.53394268,Public School,SCH,12,Liberty School,Liberty School,Liberty School,Eastern,862.76582467,7e29fb69-a731-4ce0-85f8-70d360271a0a,pgh.admin,2021-11-02T15:32:09.725000+00:00,pgh.admin,2021-11-02T15:32:09.725000+00:00,,1.07958498735957,ec63d834-6e92-4435-8763-3b54e3c7580a,7554.1640625,345.843392198159
71,109,0.16077766,7003.44695361,Public School,SCH,10,Linden School,Linden School,Linden School,Eastern,348.56388214,37de6533-2203-4575-8815-945d7bde9192,pgh.admin,2021-11-02T15:32:09.725000+00:00,pgh.admin,2021-11-02T15:32:09.725000+00:00,,0.160777662247079,5fd92f42-e54c-4442-8bd3-43906fc9a792,1124.7109375,139.739064445004
72,174,0.20927154,9115.8316856,Public School,SCH,10,Sterrett School,Sterrett School,Sterrett School,Eastern,463.3846429,b3f7c2e7-4ae8-48f0-8a52-ce76c705e7be,pgh.admin,2021-11-02T15:32:09.725000+00:00,pgh.admin,2021-11-02T15:32:09.725000+00:00,,0.209271536938466,2974028e-9ca4-49e4-b7b8-17fd16df2476,1464.00390625,185.811096022342
73,173,0.37762874,16449.4422654,Public School,SCH,1,Spring Garden School,Spring Garden School,Spring Garden School,Northern,548.0688172,4fbc010b-b584-47c3-aaeb-606dd8bbb4d7,pgh.admin,2021-11-02T15:32:09.725000+00:00,pgh.admin,2021-11-02T15:32:09.725000+00:00,,0.377628743419746,80cdf26f-3cf6-47fe-a699-d6f3274372b8,2643.234375,219.567607075523
74,200,0.57530985,25060.39700961,Riverfront Park,RVR,16,Alcoa Park,Alcoa Park,Alcoa Park,State,912.32869495,66d69aea-4c7d-4aac-8aa6-9c7ef7453247,pgh.admin,2021-11-02T15:32:09.725000+00:00,pgh.admin,2021-11-02T15:32:09.725000+00:00,Parks - Northern,0.575309854258376,931d637a-8df4-4a99-82a4-63c85821f8cd,4024.828125,365.238981793713
75,157,0.01882562,820.04059291,Beautification Site,BTF,10,Regent Square War Memorial,Regent Square War Memorial,Regent Square War Memorial,Eastern,111.75597167,5326f0a6-c72f-47bf-83d9-e739277fda7c,pgh.admin,2021-11-02T15:32:09.725000+00:00,pgh.admin,2021-11-02T15:32:09.725000+00:00,3rd Division,1.88256169210683E-02,00fc902f-7c59-42dc-9bdc-d87fb82aa4d1,131.6640625,44.7732989963624
76,162,0.56201186,24481.13882053,Neighborhood Park,NP,9,Saline St Parklet,Saline Street Green Space,Saline Street Park,Schenley,683.78369115,c9d04732-f884-4f01-b246-e63df43fedb8,pgh.admin,2021-11-02T15:32:09.725000+00:00,pgh.admin,2021-11-02T15:32:09.725000+00:00,3rd Division,0.562011862841636,082ee836-5e03-43e6-a8f3-1a588d702d2b,3929.73828125,273.973750005041
77,56,2.49637414,108741.62271318,Beautification Site,BTF,12,East Liberty Strip,East Liberty Blvd Strip,East Liberty Strip,Northeast,8837.89098497,8121f4fa-9924-4f9a-8873-2f401c09de85,pgh.admin,2021-11-02T15:32:09.725000+00:00,pgh.admin,2021-11-02T15:32:09.725000+00:00,Parks - Northeast,2.49637414327298,3758f982-096b-4e46-afcd-3a9b97018e4b,17473.453125,3482.02937752155
78,82,0.2585736,11263.42113927,Beautification Site,BTF,14,Harris Triangle,Harris Triangle,Harris Triangle,Northeast,646.68556183,d842d827-fc4b-4451-98da-151fc35d1a76,pgh.admin,2021-11-02T15:32:09.725000+00:00,pgh.admin,2021-11-02T15:32:09.725000+00:00,3rd Division,0.258573604065345,f0b890ac-3fec-44ef-aab7-3df6af6f7f05,1809.4375,259.524430389258
79,3,2.52521356,109997.86286184,Community Park,CP,3,Allegheny Center Plaza Park,Buhl Community Park at Allegheny Square,Buhl Community Park at Allegheny Square,State,1999.77616622,8d8c8881-084a-4daf-b347-d9e9dc83f9b7,pgh.admin,2021-11-02T15:32:09.725000+00:00,pgh.admin,2021-11-02T15:32:09.725000+00:00,Parks - Northern,2.52521356415554,2fada476-414a-4886-8ae9-b4550988463d,17668.96484375,1001.22539369164
80,111,0.1529312,6661.65654887,Other,OTR,3,Loraine St Tot Lot,Loraine St Park,Loraine St Tot Lot,Northern,333.32413188,bcd30104-5771-41b0-84f9-79aa9187f0e8,pgh.admin,2021-11-02T15:32:09.725000+00:00,pgh.admin,2021-11-02T15:32:09.725000+00:00,1st Division,0.152931202836983,8e790c02-d66f-4448-afab-a87569368477,1070.2578125,133.560720306673
81,135,0.30517307,13293.28557517,Beautification Site,BTF,12,Negley Run Strip,Negley Run Strip,Negley Run Strip,Northeast,2218.24432926,8ac3fca1-8733-447b-988f-7aee4671ad77,pgh.admin,2021-11-02T15:32:09.725000+00:00,pgh.admin,2021-11-02T15:32:09.725000+00:00,2nd Division,0.305173065851135,47fde41e-fe0a-4577-804a-f910761426dd,2136.16796875,888.777460159789
82,19,0.25893533,11279.17801422,Beautification Site,BTF,16,Bedford Strip,Bedford Strip,Bedford Strip,Schenley,1553.55958981,dfea1aef-b523-4d33-af69-492304f521a0,pgh.admin,2021-11-02T15:32:09.725000+00:00,pgh.admin,2021-11-02T15:32:09.725000+00:00,3rd Division,0.258935333587447,86bc05e9-b578-42ca-90e3-810af0541c58,1811.29296875,621.997643056603
83,163,0.33779457,14714.272775,Beautification Site,BTF,10,Saline St Passive Area,Saline St Passive Area,Saline St Passive Area,Schenley,586.93326181,dddea333-de61-4d3e-82ef-0c05ef00d7be,pgh.admin,2021-11-02T15:32:09.725000+00:00,pgh.admin,2021-11-02T15:32:09.725000+00:00,3rd Division,0.337794573743559,a48a120d-25b4-489d-a6c0-49885c896fb4,2361.26171875,234.989365058319
84,195,0.05966002,2598.78008795,Beautification Site,BTF,10,Windermere Circle 1 & 2,Windermere Circle 1 & 2,Windermere Circle 1 & 2,Eastern,286.38037285,c486c01d-a722-4530-8c78-9f4a243b4d7f,pgh.admin,2021-11-02T15:32:09.725000+00:00,pgh.admin,2021-11-02T15:32:09.725000+00:00,3rd Division,0.059660020273279,a2592ddb-d4b3-49a7-a24f-3a56c2258031,417.0703125,114.703105266777
85,182,0.23543864,10255.6660178,Beautification Site,BTF,10,Vietnam Island,Vietnam Island,Vietnam Island,Eastern,899.71781979,0b4033fe-1588-4f0d-a39e-8d4212910b61,pgh.admin,2021-11-02T15:32:09.725000+00:00,pgh.admin,2021-11-02T15:32:09.725000+00:00,3rd Division,0.235438637295322,dbc77cd0-3f5b-4892-b641-1c0d455a8150,1646.66796875,359.951227654216
86,217,0.15328618,6677.11923302,Special Use Park,SU,,,Oliver Bath House,,,,,pgh.admin,2021-11-02T15:32:09.725000+00:00,pgh.admin,2021-11-02T15:32:09.725000+00:00,Parks - Southern,0.153286178640392,238279ad-20f7-471b-ab0b-a097e67e8234,1071.8203125,133.510082626291
87,131,0.60060083,26162.06759986,Beautification Site,BTF,12,Morrow Triangle,Morrow Triangle Park,Morrow Triangle,Northeast,682.96902252,074eb498-c5ce-4a44-a57e-3da9bb631f88,pgh.admin,2021-11-02T15:32:09.725000+00:00,pgh.admin,2021-11-02T15:32:09.725000+00:00,Parks - Northeast,0.600600832149799,2553355b-f395-4bf0-819c-b813b0a4bbd5,4202.94140625,273.71163679685
88,110,0.25679383,11185.89461149,Special Use Park,SU,6,Lodge Potenza Senior Center,Lodge Potenza Healthy Active Living Center,Lodge Potenza Senior Center,Western,471.67752809,8a29e613-32df-49c3-8a6c-f48f768f311f,pgh.admin,2021-11-02T15:32:09.725000+00:00,pgh.admin,2021-11-02T15:32:09.725000+00:00,Parks - Western,0.256793832764062,37dde992-40e3-4b47-9669-4307ef5d3fd6,1795.60546875,189.033370195711
89,31,6.79012553,295776.68514674,Neighborhood Park,NP,9,Burgwin Playground,Burgwin Park,Burgwin Park,Schenley,2232.75902233,93e12c43-773c-47cb-82a3-91787e9bed98,pgh.admin,2021-11-02T15:32:09.725000+00:00,pgh.admin,2021-11-02T15:32:09.725000+00:00,Parks - Eastern,6.79012553390798,e26af4a5-75ae-437f-b19f-1add8f176041,47443.3203125,893.982741332736
90,84,0.47777456,20811.77638649,Special Use Park,SU,9,Hazelwood Senior Center,Hazelwood Healthy Active Living Center,Hazelwood Senior Center,Schenley,959.54010567,6d68e648-9a59-4a3e-a7af-2206e8e4ee32,pgh.admin,2021-11-02T15:32:09.725000+00:00,pgh.admin,2021-11-02T15:32:09.725000+00:00,Parks - Eastern,0.477774555414303,1e213ba7-50f4-488c-94f4-66b7d10ec963,3338.16015625,274.321210511192
91,138,0.22416194,9764.4549416,Neighborhood Park,NP,14,Niagara Parklet,Oakcliffe Community Playground,Niagara Park,Schenley,395.33651145,590b1935-1d5d-4c5d-bd92-b1b469bc3c1c,pgh.admin,2021-11-02T15:32:09.725000+00:00,pgh.admin,2021-11-02T15:32:09.725000+00:00,Parks - Schenley,0.224161937546676,f0f901a5-97ac-49b6-88d2-20c23b67ea02,1567.6484375,158.405938357383
92,183,1.19725503,52152.22054663,Neighborhood Park,NP,15,Vincennes Parklet,Vincennes Park,Vincennes Park,Schenley,1142.21399521,ebb605cb-0ca0-468f-b0b2-73a22e461106,pgh.admin,2021-11-02T15:32:09.725000+00:00,pgh.admin,2021-11-02T15:32:09.725000+00:00,Parks - Schenley,1.19725503113254,ba63dda5-fdd7-4e1f-a332-914a9727c805,8376.90625,373.598455236053
93,99,0.36092951,15722.02652055,Neighborhood Park,NP,14,Lawn & Ophelia Playground,Lawn and Ophelia Park,Lawn and Ophelia Park,Schenley,701.5748464,1eb23da9-b4bd-4b7f-ae4b-f51bfe67db3f,pgh.admin,2021-11-02T15:32:09.725000+00:00,pgh.admin,2021-11-02T15:32:09.725000+00:00,Parks - Schenley,0.360929508926702,82a527fd-a5cc-4b95-a5ea-ee670b1a145b,2524.15625,237.263362091549
94,45,0.42852529,18666.48700753,Neighborhood Park,NP,11,Dallas Parklet,Dallas Park,Dallas Park,Eastern,575.21234312,7833f211-ee2a-44e4-997d-d83ed7f19972,pgh.admin,2021-11-02T15:32:09.725000+00:00,pgh.admin,2021-11-02T15:32:09.725000+00:00,Parks - Eastern,0.42852529094815,514c9a6f-0bfd-4ffc-a768-0b0c5ce68713,2998.875,230.498226818405
95,18,1.32779542,57838.53724394,Neighborhood Park,NP,11,Baxter Parklet,Baxter Park,Baxter Park,Eastern,1418.32464469,73a669d2-df96-412e-b2e3-f23595df4ca4,pgh.admin,2021-11-02T15:32:09.725000+00:00,pgh.admin,2021-11-02T15:32:09.725000+00:00,Parks - Eastern,1.32779542237787,4d65c6cc-80cd-421a-a9dc-5b6591b43bad,9291.59765625,423.811543751138
96,91,0.22122719,9636.61792348,Special Use Park,SU,11,Homewood Senior Center,Homewood Healthy Active Living Center,Homewood Senior Center,Eastern,410.87559451,38905c2c-76b0-4f28-8608-655f6a76897b,pgh.admin,2021-11-02T15:32:09.725000+00:00,pgh.admin,2021-11-02T15:32:09.725000+00:00,Parks - Eastern,0.221227191691103,3e1c672d-2cbd-49ef-a891-c28bdc7409a5,1548.1328125,164.751634960463
97,46,1.50196799,65425.46382058,Neighborhood Park,NP,10,Davis Parklet,Davis Park,Davis Park,Eastern,1052.34532258,0c5ad046-197c-4180-b444-321700e6bbf9,pgh.admin,2021-11-02T15:32:09.725000+00:00,pgh.admin,2021-11-02T15:32:09.725000+00:00,Parks - Eastern,1.50196798721812,ef95397c-5cb8-4f72-b33f-0e1c8d9db956,10503.06640625,421.33777169433
98,115,0.66973833,29173.68506052,Community Park,CP,16,Market Square Park,Market Square Park,Market Square Park,State,654.39000431,2135e0d3-02e0-47df-bd9c-fd24eba4397d,pgh.admin,2021-11-02T15:32:09.725000+00:00,pgh.admin,2021-11-02T15:32:09.725000+00:00,Parks - Northern,0.669738332314229,5d8445ef-48d6-40f8-9c29-44de13ab8523,4684.53515625,262.159506235817
100,24,0.77946962,33953.56076913,Neighborhood Park,NP,6,Bon Air Tot Lot,Bon Air Park,Bon Air Park,Southern,939.81120638,48c76f2a-fc5c-4ed8-9ab0-465403a64d69,pgh.admin,2021-11-02T15:32:09.725000+00:00,pgh.admin,2021-11-02T15:32:09.725000+00:00,Parks - Southern,0.779469618544148,0ad6e4db-e881-414e-98a2-0f6dd5db035e,5446.73046875,328.005952054162
101,132,45.97752462,2002772.96114908,Regional Park,RP,6,Mt. Washington Park,Emerald View Park - Mt. Washington Park,Emerald View Regional Park,Western,11386.2207019,59f0daee-69f6-46e3-b6a8-f7586c78f386,pgh.admin,2021-11-02T15:32:09.725000+00:00,pgh.admin,2021-11-02T15:32:09.725000+00:00,Parks - Western,45.9775246158164,9de88fb6-adb3-47f8-9a3a-1d14c04f067a,321424.02734375,4647.21977444147
102,148,1.21785895,53049.72369028,Neighborhood Park,NP,5,Pauline Parklet,Pauline Park,Pauline Park,Western,1481.1094511,8d2ca331-e92f-4081-91f6-a991b913975d,pgh.admin,2021-11-02T15:32:09.725000+00:00,pgh.admin,2021-11-02T15:32:09.725000+00:00,Parks - Southern,1.21785895063851,a1e61429-ed8a-45b9-9c15-fb0ca0c7dcbb,8509.3828125,385.253886017321
103,222,0.39046729,17008.68726406,Special Use Park,SU,,,Paulson Rec Center,,,,,pgh.admin,2021-11-02T15:32:09.725000+00:00,pgh.admin,2021-11-02T15:32:09.725000+00:00,Parks - Northeast,0.390467293365766,e4f0aae3-182b-4137-bb5b-ae3601c19654,2733.37890625,221.126776415066
104,221,0.24017804,10462.11336974,Special Use Park,SU,,,Beechview Healthy Active Living Center Park,,,,,pgh.admin,2021-11-02T15:32:09.725000+00:00,pgh.admin,2021-11-02T15:32:09.725000+00:00,Parks - Southern,0.240178035314907,52b43414-7e90-44b2-9570-1beac69c80d6,1678.45703125,190.458050947493
106,98,1.51313306,65911.81255481,Neighborhood Park,NP,12,Larimer Playground,Larimer Park,Larimer Park,Northeast,1546.479562,e2dfdfa0-07bf-44bc-b67a-987e04079b1f,pgh.admin,2021-11-02T15:32:09.725000+00:00,pgh.admin,2021-11-02T15:32:09.725000+00:00,Parks - Northeast,1.51313306250796,9a6ac40c-821d-40d3-9a8a-9a8bfaad6c0c,10591.77734375,606.786705132696
107,125,32.53697238,1417304.84771197,Community Park,CP,10,Mellon Park,Mellon Park,Mellon Park,Eastern,7625.3993799,afed3549-f340-4b7c-83dd-cee2c7b29ffe,pgh.admin,2021-11-02T15:32:09.725000+00:00,pgh.admin,2021-11-02T15:32:09.725000+00:00,Parks - Eastern,32.5369723817349,48d7ed3d-a0df-4495-836f-caf278aef513,227666.73828125,3054.7296269697
108,149,3.46079612,150751.67589983,Neighborhood Park,NP,11,Paulson Playground,Paulson Park,Paulson Park,Eastern,2017.6125636,8180fb19-0d4a-451d-bec4-fc7decd19d52,pgh.admin,2021-11-02T15:32:09.725000+00:00,pgh.admin,2021-11-02T15:32:09.725000+00:00,Parks - Northeast,3.46079611818961,467828c5-47e1-4dc3-8186-f26c058379dc,24226.7265625,778.045293544501
109,9,8.08163221,352034.49084877,Neighborhood Park,NP,15,Ammon Park,Ammon Park,Ammon Park,Schenley,2493.40740141,e8ad959c-58fa-4c30-baa0-4264c8d10705,pgh.admin,2021-11-02T15:32:09.725000+00:00,pgh.admin,2021-11-02T15:32:09.725000+00:00,Parks - Schenley,8.08163220824049,fae6efd1-c8ac-4291-bfb5-403d7d00de13,56542.40625,999.394522716953
110,101,0.69761233,30387.87174503,Beautification Site,BTF,2,Legion Memorial Park,Legion Memorial Park,Legion Memorial Park,Northern,786.64578979,8256c558-9b8e-4999-af5e-828fca9537b9,pgh.admin,2021-11-02T15:32:09.725000+00:00,pgh.admin,2021-11-02T15:32:09.725000+00:00,Parks - Northern,0.697612334639159,f6010f52-5cad-4d7d-820e-9de682bcdd21,4885.4375,315.365335396037
111,30,4.3848453,191003.09746577,Neighborhood Park,NP,9,Bud Hammer Playground,Bud Hammer Park,Bud Hammer Park,Schenley,2043.23793256,7af3c8fe-087a-4e37-af3e-03860275b96c,pgh.admin,2021-11-02T15:32:09.725000+00:00,pgh.admin,2021-11-02T15:32:09.725000+00:00,Parks - Schenley,4.38484530487721,c43c93cb-f8d3-4e13-b2f8-2f9520f68b03,30652.296875,848.274239654901
112,67,1.76211446,76757.39901225,Neighborhood Park,NP,9,Four Mile Run Playground,Four Mile Run Park,Four Mile Run Park,Schenley,2243.35767795,5add2480-4844-49fa-97f4-adba23a96075,pgh.admin,2021-11-02T15:32:09.725000+00:00,pgh.admin,2021-11-02T15:32:09.725000+00:00,Parks - Schenley,1.76211446379182,8f0af11f-8d2a-40cd-8893-0064f98460cf,12320.46875,892.278820016101
113,75,3.34405359,145666.39166187,Neighborhood Park,NP,9,Gladstone Field,Gladstone Park,Gladstone Park,Schenley,1630.11987804,2f062758-efae-4329-9ae2-4a4049c76c2f,pgh.admin,2021-11-02T15:32:09.725000+00:00,pgh.admin,2021-11-02T15:32:09.725000+00:00,Parks - Eastern,3.34405358882421,241390e7-49b9-481c-beed-3998789c299a,23372.6484375,653.376149370099
114,47,1.09754894,47809.04043858,Neighborhood Park,NP,13,Denny Parklet,Denny Park,Denny Park,State,1158.75039968,8c670a48-12e6-4067-9a59-a19f53d1aeea,pgh.admin,2021-11-02T15:32:09.725000+00:00,pgh.admin,2021-11-02T15:32:09.725000+00:00,Parks - Schenley,1.09754893653148,8b96c08f-16d7-4fc9-8b92-14d5431e68df,7680.76953125,464.389174432368
115,199,0.7272454,31678.68294576,Beautification Site,BTF,14,Zulema Passive Area,Zulema Park,Zulema Passive Area,Schenley,816.84075011,9b0e7c16-0d06-44a7-96ba-f616bd7d0fdb,pgh.admin,2021-11-02T15:32:09.725000+00:00,pgh.admin,2021-11-02T15:32:09.725000+00:00,Parks - Schenley,0.727245400846541,87900ad6-50ce-4a1c-bf81-a9969e7b3eef,5086.03515625,327.087778127073
116,70,3.43397554,149583.37630544,Neighborhood Park,NP,14,Frazier Playground,Frazier Park,Frazier Park,Schenley,1740.35286534,f31f2520-2ab6-4e6b-8999-82166ba2e957,pgh.admin,2021-11-02T15:32:09.725000+00:00,pgh.admin,2021-11-02T15:32:09.725000+00:00,Parks - Schenley,3.43397554271669,c0afa608-500b-47db-a682-8f466ed36e08,24011.140625,697.167723127067
117,2,0.38154541,16620.05160629,Neighborhood Park,NP,15,"Albert ""Turk"" Graham Parklet",Albert Turk Graham Park,"Albert ""Turk"" Graham Park",Schenley,542.40437763,98c0046f-47d7-455c-b39d-5183317e15d8,pgh.admin,2021-11-02T15:32:09.725000+00:00,pgh.admin,2021-11-02T15:32:09.725000+00:00,Parks - Schenley,0.381545410622112,b4afbead-605c-4d77-9df0-c2b8be3b7c8a,2668.73828125,217.410276883691
118,36,0.9590343,41775.36710135,Neighborhood Park,NP,15,Cliffside Parklet,August Wilson Park,Cliffside Park,Schenley,1313.83264367,764d9a2f-719c-49c2-b747-8f276149bf04,pgh.admin,2021-11-02T15:32:09.725000+00:00,pgh.admin,2021-11-02T15:32:09.725000+00:00,Parks - Schenley,0.959034302188266,e9cf861c-fa6a-4bfd-80dc-b0b298c484b4,6709.21875,390.396877000828
119,48,5.80803259,252996.88766349,Neighborhood Park,NP,7,Devlin Field,Devlin Field Park,Devlin Field,Southern,2721.8691953,dd1c0a48-cb15-4324-acd9-3a88008cf1ed,pgh.admin,2021-11-02T15:32:09.725000+00:00,pgh.admin,2021-11-02T15:32:09.725000+00:00,Parks - Southern,5.80803259077309,d32462f2-28b7-4184-acca-60aba1170614,40592.31640625,821.526237775725
120,74,2.82910379,123235.26805943,Neighborhood Park,NP,12,Garland Parklet,Garland Park,Garland Park,Northeast,1899.44181991,57d9a24b-1e2e-45c4-b7b0-8ca0b4afb9de,pgh.admin,2021-11-02T15:32:09.725000+00:00,pgh.admin,2021-11-02T15:32:09.725000+00:00,Parks - Northeast,2.82910378792426,d2426631-1f22-4afa-888e-d2ffd61d9ffe,19802,709.71981162286
121,60,2.12151451,92412.80260095,Neighborhood Park,NP,12,Enright Parklet,Enright Park,Enright Park,Northeast,1394.57267633,37c10cb4-aa70-4cac-9887-6221b5664713,pgh.admin,2021-11-02T15:32:09.725000+00:00,pgh.admin,2021-11-02T15:32:09.725000+00:00,Parks - Northeast,2.12151451453796,bcce93d7-fedf-46a4-9864-61cf3d7e22f1,14848.17578125,576.542226480961
122,59,0.53917727,23486.46789592,Neighborhood Park,NP,7,Eleanor St Parklet,Eleanor Street Park,Eleanor Street Park,Southern,649.21057742,601181be-4c7c-482e-b656-cfa5d7602552,pgh.admin,2021-11-02T15:32:09.725000+00:00,pgh.admin,2021-11-02T15:32:09.725000+00:00,Parks - Southern,0.539177269101676,3d24ab4c-2ea5-4197-b3b3-889f9d72f0e9,3769.171875,246.617904759011
123,21,0.80511806,35070.802538,Regional Park,RP,6,Bigbee Field,Emerald View Park - Bigbee Field Park,Emerald View Regional Park,Southern,908.29036986,5dbd0956-a4df-4f5a-b85d-0b5928ef258e,pgh.admin,2021-11-02T15:32:09.725000+00:00,pgh.admin,2021-11-02T15:32:09.725000+00:00,Parks - Western,0.805118062939112,584f886e-3a3d-4b80-8d0e-9a210799eec1,5629.3125,363.487577395988
124,140,0.56923207,24795.64966713,Beautification Site,BTF,14,Oakland Square,Oakland Square,Oakland Square,Schenley,878.14842866,e2748b8b-a3d3-4195-9c81-58b9b2062c7c,pgh.admin,2021-11-02T15:32:09.725000+00:00,pgh.admin,2021-11-02T15:32:09.725000+00:00,3rd Division,0.569232067264089,3aa14c41-234f-4a30-b7de-48b3ab3ed4f0,3981.10546875,351.465195838847
125,123,1.61581893,70384.79117434,Neighborhood Park,NP,3,McKnight Playground,McKnight Park,McKnight Park,Northern,1279.69245254,715318ec-dbf0-4148-a625-0277f6755aab,pgh.admin,2021-11-02T15:32:09.725000+00:00,pgh.admin,2021-11-02T15:32:09.725000+00:00,Parks - Northern,1.61581893283632,e29a7b4f-2728-4f24-946a-b3e648c2e976,11305.765625,512.362476775626
126,197,0.38815931,16908.15197128,Neighborhood Park,NP,2,Woods Run Tot Lot,Woods Run Park,Woods Run Park,Northern,450.35200929,9b77f597-274e-44fa-8814-54660d31e924,pgh.admin,2021-11-02T15:32:09.725000+00:00,pgh.admin,2021-11-02T15:32:09.725000+00:00,Parks - Northern,0.388159311388583,76471c42-167d-4d3b-a530-feff921570eb,2717.875,212.59512963891
127,25,0.45757118,19931.72076747,Neighborhood Park,NP,14,Boundary St Tot Lot,Boundary Street Park,Boundary St. Park,Schenley,604.75253842,d6781a89-d8c3-4c74-b126-ce95efd574ed,pgh.admin,2021-11-02T15:32:09.725000+00:00,pgh.admin,2021-11-02T15:32:09.725000+00:00,Parks - Schenley,0.457571177561822,a94021a3-32c5-49b2-a30b-3a100c2384e0,3200.3125,242.217935242989
128,5,1.54812994,67436.27058772,Riverfront Park,RVR,16,Allegheny Riverfront Park,Allegheny Riverfront Park,Allegheny Riverfront Park,State,3789.70684425,56eb2a1a-f465-4488-8ee7-2939c1a56513,pgh.admin,2021-11-02T15:32:09.725000+00:00,pgh.admin,2021-11-02T15:32:09.725000+00:00,Parks - Northern,1.5481299433795,b099bae8-8b26-4e11-8fe6-aa256952c526,10829.828125,1690.45909472042
129,112,6.1467087,267749.559983,Neighborhood Park,NP,9,Magee Playground,Magee Park,Magee Park,Schenley,2175.67690171,45b6cc70-4efb-4c09-9430-d2401edca968,pgh.admin,2021-11-02T15:32:09.725000+00:00,pgh.admin,2021-11-02T15:32:09.725000+00:00,Parks - Schenley,6.14670870028591,07ea9e57-badd-484b-8ce4-bfa2ccf0610b,42974.015625,872.004164494663
130,118,3.48116345,151638.87339458,Neighborhood Park,NP,15,Martin Luther King Field,Martin Luther King Park,Martin Luther King Park,Schenley,1676.04109057,bfb9c411-1a59-4391-b943-43f1c525cdb4,pgh.admin,2021-11-02T15:32:09.725000+00:00,pgh.admin,2021-11-02T15:32:09.725000+00:00,Parks - Schenley,3.4811634516045,680f574a-861e-451a-a9f4-533bc0a23470,24348.6953125,671.623973371154
131,181,0.10828599,4716.91894929,Neighborhood Park,NP,15,Tustin Tot Lot,Tustin Park,Tustin Park,Schenley,274.80882389,a5cbdc1d-502c-4d79-aa95-21d0699e578b,pgh.admin,2021-11-02T15:32:09.725000+00:00,pgh.admin,2021-11-02T15:32:09.725000+00:00,Parks - Schenley,0.10828599212621,3a2193d1-2ff7-4cb1-8f54-0873c92255ca,757.328125,110.109747161702
132,161,12.31219829,536317.21210653,Neighborhood Park,NP,15,Robert E Williams Park,Robert E. Williams Park,Robert E. Williams Herron Hill Park,Schenley,2850.69033333,4390547d-5c60-4ce3-af1e-6850bc23786a,pgh.admin,2021-11-02T15:32:09.725000+00:00,pgh.admin,2021-11-02T15:32:09.725000+00:00,Parks - Schenley,12.3121982870022,729041a6-f206-469a-b635-9407f9abc398,86154.421875,1142.48022982128
133,205,0.05364606,2336.81291867,Neighborhood Park,NP,14,Dunseith Tot Lot (Shalane's Play Yard),Shalane's Play Yard Park,Dunseith Park (Shalane's Play Yard),Schenley,262.06694187,9177883a-579b-4f61-a9a2-8be643b68407,pgh.admin,2021-11-02T15:32:09.725000+00:00,pgh.admin,2021-11-02T15:32:09.725000+00:00,Parks - Schenley,5.36460575286779E-02,ae542d3e-b313-4770-8e6b-ca609387dd74,375.2578125,78.9166556974882
135,81,0.52098931,22694.20360065,Neighborhood Park,NP,15,Granville Parklet,Granville Park,Granville Park,Schenley,699.57107337,eea870bf-624f-48a6-86ba-81f5b2b87dae,pgh.admin,2021-11-02T15:32:09.725000+00:00,pgh.admin,2021-11-02T15:32:09.725000+00:00,Parks - Schenley,0.520989310783587,2db8706e-5aaf-4b59-ad4d-643b93b71827,3644.50390625,251.094145557002
136,212,1.05345062,45888.12558954,Community Park,CP,4,Tuxedo Street Skate Park,Tuxedo Street Skate Park,Tuxedo Street Skate Park,Western,898.47162146,d54d5c1a-2212-4d36-8d4a-11f7d43e3c7f,pgh.admin,2021-11-02T15:32:09.725000+00:00,pgh.admin,2021-11-02T15:32:09.725000+00:00,Parks - Western,1.05345062310819,d3c48e3f-bb1d-4b54-8696-2c0f9936f6e4,7371.1796875,402.696536417297
137,96,13.43468306,585212.45343835,Neighborhood Park,NP,15,Kennard Playground,Kennard Park,Kennard Park,Schenley,3273.39535077,6354bb5b-f289-4868-a4b7-04d9ceb09d7b,pgh.admin,2021-11-02T15:32:09.725000+00:00,pgh.admin,2021-11-02T15:32:09.725000+00:00,Parks - Schenley,13.4346830646277,2c9ee9ce-d8e1-4521-b533-4a71189612de,93975.515625,1312.7532441719
138,105,0.89513452,38991.90357723,Neighborhood Park,NP,9,Lewis Playground,Lewis Park,Lewis Park,Schenley,796.3927443,635c355b-aae2-42d7-ab29-d1d6a357bf97,pgh.admin,2021-11-02T15:32:09.725000+00:00,pgh.admin,2021-11-02T15:32:09.725000+00:00,Parks - Eastern,0.895134516650851,927fed65-7186-4851-a3d2-87bccb1a91a0,6255.96484375,319.085515511555
139,176,3.42760093,149305.69932967,Neighborhood Park,NP,13,Sullivan Playground,Sullivan Park,Sullivan Park,Northeast,1791.92643888,58ad185e-9524-4e93-bc10-328dd2172dc1,pgh.admin,2021-11-02T15:32:09.725000+00:00,pgh.admin,2021-11-02T15:32:09.725000+00:00,Parks - Northeast,3.42760093099757,5146b1dd-d52c-4cca-a9d8-c093aafe7192,23990.09765625,718.072031697461
140,127,1.40141913,61045.57299636,Community Park,CP,16,Mellon Square Park,Mellon Square Park,Mellon Square Park,State,972.19563334,edbff294-ea77-46e2-be64-dcfebbf319e8,pgh.admin,2021-11-02T15:32:09.725000+00:00,pgh.admin,2021-11-02T15:32:09.725000+00:00,Parks - Northern,1.40141912716669,011e7a85-de93-43fd-813c-32d483b8583b,9802.41796875,389.536308322276
141,33,0.47547207,20711.48049823,Neighborhood Park,NP,1,Catalano Parklet,Catalano Park,Catalano Park,Northern,567.15573912,747d5630-9fcb-42d3-bd33-ba7774dee3cb,pgh.admin,2021-11-02T15:32:09.725000+00:00,pgh.admin,2021-11-02T15:32:09.725000+00:00,Parks - Northern,0.475472069430679,a2db0447-7ec3-410a-99ed-4b322a35cd21,3327.640625,227.295282749423
142,216,0.77609047,33806.36543423,Special Use Park,SU,,,Brighton Heights Healthy Active Living Center,,,,,pgh.admin,2021-11-02T15:32:09.725000+00:00,pgh.admin,2021-11-02T15:32:09.725000+00:00,Parks - Northern,0.7760904651078,e42ba697-b027-431b-a902-9e9702414340,5434.625,295.026597600603
143,116,2.7625784,120337.43394576,Neighborhood Park,NP,2,Marmaduke Playground,Marmaduke Park,Marmaduke Park,Northern,1791.42794545,273f4bbe-25d9-42a3-a546-370af99b1275,pgh.admin,2021-11-02T15:32:09.725000+00:00,pgh.admin,2021-11-02T15:32:09.725000+00:00,Parks - Northern,2.76257840442924,bd5a3fc7-34ca-40fb-bb8c-ee9b566860ce,19348.1953125,718.04904778762
144,180,0.31603157,13766.27998628,Beautification Site,BTF,16,Thomas Parklet,Thomas Park,Thomas Park,State,685.98510414,29ea1e26-197f-4e3d-926b-4fd4b7988d76,pgh.admin,2021-11-02T15:32:09.725000+00:00,pgh.admin,2021-11-02T15:32:09.725000+00:00,Parks - Northern,0.316031566840351,c34987c6-6e84-4103-9142-9a04664edddd,2210.2421875,275.024975347243
145,139,14.48754111,631074.76635223,Riverfront Park,RVR,16,Northshore Riverfront Park,Northshore Riverfront Park,Northshore Riverfront Park,State,10104.3707589,68640034-1684-42f3-b6ea-c292096f526e,pgh.admin,2021-11-02T15:32:09.725000+00:00,pgh.admin,2021-11-02T15:32:09.725000+00:00,Parks - Northern,14.4875411078711,d26247cf-7246-45f0-8939-9c9bac337d42,101348.23046875,4090.18815633909
146,51,0.80543757,35084.72011044,Neighborhood Park,NP,13,Duncan Parklet,Duncan Park,Duncan Park,Northeast,765.09522208,11bb27fa-771b-4ed0-92e5-c66f27b8e336,pgh.admin,2021-11-02T15:32:09.725000+00:00,pgh.admin,2021-11-02T15:32:09.725000+00:00,Parks - Northeast,0.805437567716807,3c266408-2326-4a26-aac3-c0b5c2a2ee3d,5640.2890625,306.723324106503
147,53,61.38590585,2673959.36287423,Community Park,CP,3,East Common Park,Allegheny Commons,Allegheny Commons Park,State,8643.01965726,ed54111f-f829-49c1-87b0-4f0e06c2ccaa,pgh.admin,2021-11-02T15:32:09.725000+00:00,pgh.admin,2021-11-02T15:32:09.725000+00:00,Parks - Northern,61.3859058477517,0b00c82d-73cc-4dd5-86c0-2a9617b09055,429525.21484375,9038.5062794063
148,4,2.28558167,99559.53942364,Riverfront Park,RVR,16,Allegheny Landing Park,Allegheny Landing Park,Allegheny Landing Park,State,1579.93365704,4c54672c-8a00-4670-a599-1b3e59c22d84,pgh.admin,2021-11-02T15:32:09.725000+00:00,pgh.admin,2021-11-02T15:32:09.725000+00:00,Parks - Northern,2.28558167270413,359bbf92-61e6-4aa0-9c4f-8dd343da61f2,15989.75,626.966133300872
149,72,1.95542982,85178.18220678,Neighborhood Park,NP,12,Friendship Park,Friendship Park,Friendship Park,Northeast,1901.42659879,f95cbafc-dcd8-493f-8b98-89745c6434ca,pgh.admin,2021-11-02T15:32:09.725000+00:00,pgh.admin,2021-11-02T15:32:09.725000+00:00,Parks - Northeast,1.95542981911229,09f314d3-1552-4f53-8d5b-f7de2f373c12,13686.27734375,760.982635901737
150,191,10.06138692,438272.26101446,Neighborhood Park,NP,11,Westinghouse Park,Westinghouse Park,Westinghouse Park,Eastern,2747.68890417,e473b3f9-3e8a-49cb-8523-ef32365cdd25,pgh.admin,2021-11-02T15:32:09.725000+00:00,pgh.admin,2021-11-02T15:32:09.725000+00:00,Parks - Eastern,10.0613869170973,27bef631-7c4c-4bf9-b513-924ff79afc1c,70400.87109375,1067.26772125255
151,156,1.98205996,86338.18631674,Regional Park,RP,6,Ream Parklet,Emerald View Park - Ream Park,Emerald View Regional Park,Western,1359.15606601,e532a31c-a671-42ae-98da-2ed252192a64,pgh.admin,2021-11-02T15:32:09.725000+00:00,pgh.admin,2021-11-02T15:32:09.725000+00:00,Parks - Western,1.98205995570538,745d43b2-543e-4b66-8c64-21da7196f612,13859.71484375,544.722266512902
152,167,51.03648302,2223140.30792987,Community Park,CP,4,Sheraden Park,Sheraden Park,Sheraden Park,Western,16358.8352357,351ad94c-c15c-4b25-a11a-f467977f0134,pgh.admin,2021-11-02T15:32:09.725000+00:00,pgh.admin,2021-11-02T15:32:09.725000+00:00,Parks - Western,51.0364830238243,7208a354-a921-4550-a4fa-9031c012ba19,357167.4921875,6365.6563054246
153,35,6.14846033,267825.86052636,Neighborhood Park,NP,4,Chartiers Playground,Chartiers Park,Chartiers Park,Western,2197.20250399,3bd43bb8-9677-45be-8b89-7d05c1d78cf6,pgh.admin,2021-11-02T15:32:09.725000+00:00,pgh.admin,2021-11-02T15:32:09.725000+00:00,Parks - Western,6.14846032674512,df83d308-ab08-487d-a622-18c035638117,43026.73046875,880.608649408887
154,15,2.572473,112056.47568868,Public School,SCH,5,Banksville School,Banksville School Park,Banksville School,Western,573.32148474,8e5ecb6a-dba7-449f-bef7-d76ac0c446b4,pgh.admin,2021-11-02T15:32:09.725000+00:00,pgh.admin,2021-11-02T15:32:09.725000+00:00,Parks - Western,2.57247300082485,eb23c093-2a5b-4bbb-acc8-14d2f67b42be,17975.66015625,622.261022417986
155,201,61.52201575,2679888.28634569,Regional Park,RP,6,Duquesne Heights Greenway,Emerald View Park - Duquesne Heights Greenway,Emerald View Regional Park,Western,28271.46514,32e0f94b-541f-421b-b9cb-570b3b856d2e,pgh.admin,2021-11-02T15:32:09.725000+00:00,pgh.admin,2021-11-02T15:32:09.725000+00:00,Parks - Western,61.5220157468088,a0b0e9c6-7a91-4ae0-9587-5a21fdf936ea,430240.0234375,11328.7466060843
156,40,0.34412426,14989.99293971,Neighborhood Park,NP,4,Crafton Heights Tot Lot,Crafton Heights Park,Crafton Heights Park,Western,540.46194742,9fdbedd7-5f9c-4171-a8f3-abe2b238437f,pgh.admin,2021-11-02T15:32:09.725000+00:00,pgh.admin,2021-11-02T15:32:09.725000+00:00,Parks - Western,0.344124263082221,4cb8fdc0-36f2-4acc-866e-12d9c72ac9c6,2406.6796875,216.405013781333
157,171,14.0526578,612131.32535387,Riverfront Park,RVR,7,Southside Riverfront Park,Southside Riverfront Park,Southside Riverfront Park,Southern,14053.0359603,99ccb4c8-bc0c-403d-9442-3364c6e21096,pgh.admin,2021-11-02T15:32:09.725000+00:00,pgh.admin,2021-11-02T15:32:09.725000+00:00,Parks - Southern,14.0526578027208,f8944819-7a90-4661-ac4f-fdbb23e8744d,98266.6328125,5301.93006001674
158,186,2.12662921,92635.59773807,Neighborhood Park,NP,6,Warrington Playground,Warrington Park,Warrington Park,Southern,1245.75822307,bf852bdb-5458-44ff-ba0c-5c6b16e5ccd9,pgh.admin,2021-11-02T15:32:09.725000+00:00,pgh.admin,2021-11-02T15:32:09.725000+00:00,Parks - Southern,2.12662920756599,1540e8c2-5aec-4c9d-af00-9570e7c0079f,14866.4296875,498.809453533011
159,198,2.06011723,89738.34752018,Neighborhood Park,NP,2,Young Field,Young Field Park,Young Park,Northern,1666.07179358,9b969f67-1f2e-4f4b-8556-e4ac49ca208e,pgh.admin,2021-11-02T15:32:09.725000+00:00,pgh.admin,2021-11-02T15:32:09.725000+00:00,Parks - Northern,2.06011722852731,26bbb8d7-9992-4fe3-9519-0ccd2a2ffc3d,14423.38671875,511.979781408876
160,11,4.20716074,183263.18896766,Neighborhood Park,NP,7,Arlington Playground,Arlington Park,Arlington Park,Southern,1714.73920067,feb2c1cf-1ba5-4a8d-9bca-7dcd9165fed2,pgh.admin,2021-11-02T15:32:09.725000+00:00,pgh.admin,2021-11-02T15:32:09.725000+00:00,Parks - Southern,4.20716074432075,a0ed525c-94f8-4c2d-893d-76b8eb61a522,29407.8671875,687.091860477882
161,169,0.41219492,17955.13867703,Special Use Park,SU,7,Southside Market House,Southside Market House,Southside Market House,Southern,539.35379267,9bb8fe4a-a3ba-49ba-a3b3-bd099243b04e,pgh.admin,2021-11-02T15:32:09.725000+00:00,pgh.admin,2021-11-02T15:32:09.725000+00:00,Parks - Southern,0.41219491500917,b80442d3-5ed9-4155-8acd-eff846ea82f6,2882.18359375,216.214168470851
162,165,1.01120174,44047.77163895,Neighborhood Park,NP,1,Scherer Field,Scherer Park,Scherer Field,Northern,869.02248082,207b0267-2101-4b62-aa7b-4c55ace2496e,pgh.admin,2021-11-02T15:32:09.725000+00:00,pgh.admin,2021-11-02T15:32:09.725000+00:00,Parks - Northern,1.01120174083021,d38c5261-0630-4595-b128-e90b7e97f41b,7078.3515625,348.565895863412
163,224,7.13257224,310693.60390636,Neighborhood Park,NP,,,Fowler Park,,,,,pgh.admin,2021-11-02T15:32:09.725000+00:00,pgh.admin,2021-11-02T15:32:09.725000+00:00,Parks - Northern,7.13257223793636,e157f931-4961-4039-abf5-41e7f8345001,49932.44140625,1045.72956931631
164,64,2.64256517,115109.67836479,Neighborhood Park,NP,3,Fineview Field,Fineview Field Park,Fineview Field,Northern,1791.9436509,21784547-a11b-4006-ad6c-9b27cf995c19,pgh.admin,2021-11-02T15:32:09.725000+00:00,pgh.admin,2021-11-02T15:32:09.725000+00:00,Parks - Northern,2.64256516999273,cd10a1e8-c82d-46d9-ad98-2cb027a3fcbc,18494.15234375,593.926560227638
165,226,1.7213239,74980.56935351,Riverfront Park,RVR,,,Monongahela Wharf Landing Park,,,,,pgh.admin,2021-11-02T15:32:09.725000+00:00,pgh.admin,2021-11-02T15:32:09.725000+00:00,Parks - Northern,1.72132390442346,5fa6c0ec-b287-4925-a980-f298d666bdc5,12039.23046875,1782.0963319168
166,215,0.1917319,8351.80816446,Neighborhood Park,NP,,,Venson Park,,,,,pgh.admin,2021-11-02T15:32:09.725000+00:00,pgh.admin,2021-11-02T15:32:09.725000+00:00,Parks - Southern,0.1917319001789,9a1a594b-dabe-4ce8-b770-dec866c7f5b3,1340.12109375,149.028327984529
167,129,5.28588047,230252.03219689,Neighborhood Park,NP,7,Monongahela Playground,Monongahela Park,Monongahela Park,Southern,2224.84284636,6d41972a-17ea-447a-8aec-792fed745308,pgh.admin,2021-11-02T15:32:09.725000+00:00,pgh.admin,2021-11-02T15:32:09.725000+00:00,Parks - Southern,5.28588046849827,0da0e5b1-def7-4333-a77f-af306b3ccd39,36951.93359375,787.241412356921
168,103,0.45531625,19833.49648462,Neighborhood Park,NP,5,Leolyn Parklet,Leolyn Park,Leolyn Park,Southern,617.72292841,f027a6f9-cb67-4ec2-8d03-66eb8ad658f0,pgh.admin,2021-11-02T15:32:09.725000+00:00,pgh.admin,2021-11-02T15:32:09.725000+00:00,Parks - Southern,0.455316249284806,d26ce386-59b9-4c86-9ca2-3ee7f5782765,3180.85546875,247.356642481879
169,63,1.99688562,86983.98975164,Neighborhood Park,NP,13,Fifty-Seventh St Playground,Fifty-Seventh Street Park,Fifty-Seventh Street Park,Northeast,1535.49617355,31373659-cf0f-4036-9c4b-b23dc2763456,pgh.admin,2021-11-02T15:32:09.725000+00:00,pgh.admin,2021-11-02T15:32:09.725000+00:00,Parks - Northeast,1.99688562186975,dd31be05-5987-4ebe-848b-a655327f2ac8,13986.109375,461.325762781847
170,184,8.5925235,374288.82646422,Neighborhood Park,NP,5,Volunteers Field,Volunteers Park,Volunteers Park,Southern,5812.4419735,febad663-68a9-4e76-ae18-ae4f8430cfae,pgh.admin,2021-11-02T15:32:09.725000+00:00,pgh.admin,2021-11-02T15:32:09.725000+00:00,Parks - Southern,8.5925234991739,254df841-7c1f-4208-93e3-66678d0e7c60,60023.91015625,1740.04401112373
171,154,28.79541068,1254323.07178477,Riverfront Park,RVR,16,Point State Park,Point State Park,Point State Park,State,12943.2387982,bf1a98df-8a5b-454a-a172-cb061bab8d70,pgh.admin,2021-11-02T15:32:09.725000+00:00,pgh.admin,2021-11-02T15:32:09.725000+00:00,,28.7954106770457,6324c52d-2310-414f-8cc3-6a72898c043a,201415.91796875,5184.19462735359
172,66,9.47870336,412890.66695334,Neighborhood Park,NP,12,Fort Pitt Playground,Fort Pitt Park,Fort Pitt Park,Northeast,3309.67418793,af65aeef-0944-4a0c-936f-96ea81bec49b,pgh.admin,2021-11-02T15:32:09.725000+00:00,pgh.admin,2021-11-02T15:32:09.725000+00:00,Parks - Northeast,9.47870336365845,30c05f19-da7d-4e5a-b977-1b367b5e7185,66356.03125,1326.31607660004
173,80,0.43052337,18753.52291829,Beautification Site,BTF,16,Grant Street Islands,Grant Street Islands,Grant Street Islands,State,3596.22994508,ec7791b6-034e-4e49-95d3-594550c438cf,pgh.admin,2021-11-02T15:32:09.725000+00:00,pgh.admin,2021-11-02T15:32:09.725000+00:00,6th Division,0.430523368517251,88025fb0-0e7a-471c-a8e3-c15fcea7b9d5,3011.2734375,1442.39210264952
174,168,0.85328785,37169.07014749,Special Use Park,SU,4,Sheraden Senior Center,Sheraden Healthy Active Living Center,Sheraden Senior Center,Western,609.38315894,0a4c9da4-797d-466c-859a-27575a608045,pgh.admin,2021-11-02T15:32:09.725000+00:00,pgh.admin,2021-11-02T15:32:09.725000+00:00,Parks - Western,0.853287851795646,10af7890-0e2f-4389-aa9a-09e98fb1b641,5970.96875,350.449812409265
175,208,6.07941303,264818.17218551,Neighborhood Park,NP,5,Vanucci Field,Vanucci Park,Vanucci Park,Western,2391.38259646,19b0ba76-3aad-4e9f-9174-18013f454a6d,pgh.admin,2021-11-02T15:32:09.725000+00:00,pgh.admin,2021-11-02T15:32:09.725000+00:00,Parks - Southern,6.07941302712069,f0cd7838-b539-4e97-b757-0c2f2ee9bc2b,42490.51171875,957.265457542479
176,175,0.53106161,23132.95137919,Neighborhood Park,NP,4,Stratmore Parklet,Andrew Joseph Kukuruda Park,Stratmore Park,Western,845.11152083,98e651e7-e357-48d5-ad8e-53db1a814a8e,pgh.admin,2021-11-02T15:32:09.725000+00:00,pgh.admin,2021-11-02T15:32:09.725000+00:00,Parks - Western,0.531061614124622,bed47314-12e1-4c76-82a5-5f8c1961b2f6,3714.43359375,338.649793071837
177,211,0.56902453,24786.60959643,Neighborhood Park,NP,1,Troy Hill Citzen's Park,Troy Hill Citizen's Park,Troy Hill Citzen's Park,Northern,708.69794992,c4abaefd-877d-4c42-b588-60a126ebfa5a,pgh.admin,2021-11-02T15:32:09.725000+00:00,pgh.admin,2021-11-02T15:32:09.725000+00:00,Parks - Northern,0.56902453496701,2a4e1892-84a2-4f52-b243-0555aeea2caa,3982.73828125,284.077775451545
178,133,0.34528554,15040.57816901,Neighborhood Park,NP,4,Mutual Parklet,Mutual Park,Mutual Park,Western,629.88083149,c3ced6af-31f3-4c14-88e2-a17fe6b295e6,pgh.admin,2021-11-02T15:32:09.725000+00:00,pgh.admin,2021-11-02T15:32:09.725000+00:00,Parks - Western,0.345285544800263,d3c2941c-c052-495e-917c-eb0886091d05,2415.94140625,252.618355154825
179,194,2.2077738,96170.2421346,Neighborhood Park,NP,10,Wightman Playground,Wightman Park,Wightman Park,Eastern,1305.90809687,9073e51f-4d78-42ff-8fc0-97344d058d0e,pgh.admin,2021-11-02T15:32:09.725000+00:00,pgh.admin,2021-11-02T15:32:09.725000+00:00,Parks - Eastern,2.20777380203681,6152f857-b567-4add-ad7a-fa494c65d9c2,15443.71484375,523.002077837653
180,164,434.08262294,18908563.42068,Regional Park,RP,10,Schenley Park,Schenley Park,Schenley Park,Schenley,123344.865833,2be79c72-ff3d-4f6e-844d-6ad22c49556a,pgh.admin,2021-11-02T15:32:09.725000+00:00,pgh.admin,2021-11-02T15:32:09.725000+00:00,Parks - Schenley,434.08262293757,ab620e9b-e216-472a-aaa0-575817e47e25,3035710.2578125,49416.6642748043
181,86,8.32023602,362428.03129355,Community Park,CP,4,Hershel Playground,Herschel Park,Hershel Park,Western,5898.08325819,5011c72c-2a08-418b-844d-b3dbbca6075e,pgh.admin,2021-11-02T15:32:09.725000+00:00,pgh.admin,2021-11-02T15:32:09.725000+00:00,Parks - Western,8.32023601951392,1b01693b-511e-44f6-a9f2-de798a53fddc,58194.4375,1042.20041111645
182,1,1.65951668,72288.25745143,Neighborhood Park,NP,5,Able Long Parklet,Able Long Park,Able Long Park,Western,1079.63858184,fb46cd7e-fcf3-47de-86b2-b44a62ecb0da,pgh.admin,2021-11-02T15:32:09.725000+00:00,pgh.admin,2021-11-02T15:32:09.725000+00:00,Parks - Southern,1.65951668056316,a307629d-4d21-4127-b8c3-fc2d564768e2,11596.484375,432.518080650561
183,141,4.88269047,212689.14632173,Neighborhood Park,NP,4,Oakwood Playground,Oakwood Park,Oakwood Park,Western,3111.47553148,62caf5f1-7f9e-4563-8a86-41b42ccbf634,pgh.admin,2021-11-02T15:32:09.725000+00:00,pgh.admin,2021-11-02T15:32:09.725000+00:00,Parks - Western,4.88269047476746,f141086e-45cc-48f2-a1cb-156c187c48f1,34137.55859375,1246.82348806576
184,108,0.63524651,27671.22731098,Neighborhood Park,NP,8,Lincoln Place Parklet,Lincoln Place Park,Lincoln Place Park,Southern,763.19671597,b4b74fc4-80c6-4534-93d5-83dcd06e43c8,pgh.admin,2021-11-02T15:32:09.725000+00:00,pgh.admin,2021-11-02T15:32:09.725000+00:00,Parks - Eastern,0.635246510473499,dc2bf29c-a8e8-4907-bc0b-5f9fe1c502f6,4434.0234375,305.815252632178
185,188,4.68886759,204246.25504188,Neighborhood Park,NP,4,West End Elliot Overlook Park,West End-Elliott Overlook Park,West End-Elliot Overlook Park,Western,4135.08502495,db34d78e-3287-40aa-8754-89ff7af41c76,pgh.admin,2021-11-02T15:32:09.725000+00:00,pgh.admin,2021-11-02T15:32:09.725000+00:00,Parks - Western,4.68886758561405,74650a0e-91f6-4992-b300-9cc63d1be516,32801.921875,1657.2811784109
186,144,2.10955456,91891.82922717,Neighborhood Park,NP,7,Ormsby Playground,Ormsby Park,Ormsby Park,Southern,1549.34963964,a67c8014-7b92-4125-af8e-aa51286451f2,pgh.admin,2021-11-02T15:32:09.725000+00:00,pgh.admin,2021-11-02T15:32:09.725000+00:00,Parks - Southern,2.10955456371887,2c46c6e7-c02e-4f17-aaee-b3bfeb9041bc,14750.55078125,534.14493961925
187,158,0.46868243,20415.72487455,Neighborhood Park,NP,8,Revenue Park,Roland Lockridge Community Park,Roland Lockridge Community Park,Southern,590.84100675,44bbbdf5-c2db-451c-b880-9251b8211455,pgh.admin,2021-11-02T15:32:09.725000+00:00,pgh.admin,2021-11-02T15:32:09.725000+00:00,Parks - Eastern,0.468682427403543,5ece9779-ffdf-4cc5-a0b7-bf88b7a02dba,3273.734375,236.488162076142
188,122,77.83255445,3390372.51045939,Community Park,CP,6,McKinley Park,McKinley Park,McKinley Park,Southern,17715.7659737,0057c452-d431-4d76-bd57-a1f581977a5e,pgh.admin,2021-11-02T15:32:09.725000+00:00,pgh.admin,2021-11-02T15:32:09.725000+00:00,Parks - Southern,77.8325544533721,e776b843-9b51-486b-a90f-5bd334343e92,543956.7734375,7085.5994089243
189,196,2.45424772,106906.60318565,Neighborhood Park,NP,7,Winters Playground,Winters Park,Winters Park,Southern,1961.47202182,39be7594-ab5d-43e6-a152-a1cb6ec627ee,pgh.admin,2021-11-02T15:32:09.725000+00:00,pgh.admin,2021-11-02T15:32:09.725000+00:00,Parks - Southern,2.45424772298775,31b83327-8f31-4f20-b52a-59076ccf6667,17157.26171875,567.140090504641
190,49,14.2630875,621297.60616894,Community Park,CP,13,Dinan Playground,Dinan Park,Dinan Park,Northeast,4324.05085525,6ae57e29-f05f-4863-b819-cd72229aa471,pgh.admin,2021-11-02T15:32:09.725000+00:00,pgh.admin,2021-11-02T15:32:09.725000+00:00,Parks - Northeast,14.2630874969426,f7331d02-8173-438c-a9e4-01b66e44c7fd,99890.328125,1508.12588688048
191,23,5.9913806,260983.49496263,Neighborhood Park,NP,13,Bloomfield Playground,Paul J. Sciullo II Memorial Park,Bloomfield Park,Northeast,3262.78087797,4724c15b-ecec-4b4b-9b88-c709f759b98f,pgh.admin,2021-11-02T15:32:09.725000+00:00,pgh.admin,2021-11-02T15:32:09.725000+00:00,Parks - Northeast,5.99138059916751,0bfda029-6665-4cdf-9dd7-620b756a6fc3,41933.9609375,1397.93152593023
192,26,30.99530798,1350150.21501275,Community Park,CP,2,Brighton Heights Park,Brighton Heights Park,Brighton Heights Park,Northern,12357.0948233,2ebd3497-6b22-4a86-95f4-cc01dc82048a,pgh.admin,2021-11-02T15:32:09.725000+00:00,pgh.admin,2021-11-02T15:32:09.725000+00:00,Parks - Northern,30.9953079804824,3343fdcd-aeab-4b94-b825-e2aa1000384b,217087.421875,4810.21265409626
193,145,1.19746041,52161.16694529,Neighborhood Park,NP,12,Osceola Parklet,Osceola Park,Osceola Park,Northeast,907.56586396,975a22ed-f845-4214-964f-4d2824d17d41,pgh.admin,2021-11-02T15:32:09.725000+00:00,pgh.admin,2021-11-02T15:32:09.725000+00:00,Parks - Northeast,1.19746041300709,8068c0b1-2dff-40e3-aa2c-e827d9342a14,8379.69140625,363.780980780685
194,13,8.80859448,383700.84080788,Community Park,CP,13,Arsenal Park and School,Arsenal Park,Arsenal Park,Northeast,2498.19408838,7bfb78ce-506d-454c-a4d2-eb6a2494361e,pgh.admin,2021-11-02T15:32:09.725000+00:00,pgh.admin,2021-11-02T15:32:09.725000+00:00,Parks - Northeast,8.80859448153925,e19a7990-c1b9-4efe-9892-8e7d252f49d0,61659.77734375,1001.51771918114
195,189,17.02510591,741610.64704975,Community Park,CP,4,West End Park,West End Park,West End Park,Western,15318.7895242,f1ba0266-6b8c-4555-a57a-4003e8adf767,pgh.admin,2021-11-02T15:32:09.725000+00:00,pgh.admin,2021-11-02T15:32:09.725000+00:00,Parks - Western,17.025105911415,89a58778-aeb7-4057-92f8-691132f39e1b,119069.33203125,6137.90465565819
196,90,2.68817572,117096.46581837,Neighborhood Park,NP,11,Homewood Playground,Homewood Park,Homewood Park,Eastern,1360.90801945,9296bb5e-10ce-4bb7-a855-54fe7a1c97be,pgh.admin,2021-11-02T15:32:09.725000+00:00,pgh.admin,2021-11-02T15:32:09.725000+00:00,Parks - Eastern,2.68817571638297,de5f9367-1fcf-4109-8c8a-16e61ca9d9f1,18810.02734375,545.432081458488
197,193,3.26762602,142337.22002874,Public School,SCH,4,Westwood School,Westwood School Park,Westwood School,Western,1572.77684889,843e43a8-79ed-42c4-975b-9791c5161212,pgh.admin,2021-11-02T15:32:09.725000+00:00,pgh.admin,2021-11-02T15:32:09.725000+00:00,Parks - Western,3.26762601880908,8e72c153-5e40-46d7-8cff-655866dd745d,22848.89453125,607.297032498449
198,119,22.72831092,990041.26348541,Community Park,CP,8,McBride Park,McBride Park,McBride Park,Southern,7470.06276691,c5ca4ed7-b654-4d29-9e89-caba44345bf4,pgh.admin,2021-11-02T15:32:09.725000+00:00,pgh.admin,2021-11-02T15:32:09.725000+00:00,Parks - Eastern,22.7283109197048,b9001b81-8ea0-4c91-86b8-184aa2804c5c,158644.85546875,2987.59339227395
199,78,5.76013885,250910.64487282,Regional Park,RP,6,Grandview Overlook,Emerald View Park - Grandview Overlook,Emerald View Regional Park,Western,5037.75089773,e065b497-78da-4f77-b22f-ad9c13a0b5ec,pgh.admin,2021-11-02T15:32:09.725000+00:00,pgh.admin,2021-11-02T15:32:09.725000+00:00,Parks - Western,5.7601388548763,fde03885-a83a-427e-bcbb-125c4c8233ca,40280.49609375,1819.50416624505
200,14,16.63917312,724799.48209377,Community Park,CP,5,Banksville Park,Banksville Park,Banksville Park,Western,6186.41940115,62ec008f-5309-4759-8d0e-3548938dcd38,pgh.admin,2021-11-02T15:32:09.725000+00:00,pgh.admin,2021-11-02T15:32:09.725000+00:00,Parks - Western,16.6391731244351,5c786a31-134a-4afc-8875-822de3c1346c,116293.45703125,2477.5916474028
201,120,0.1998298,8704.55109452,Neighborhood Park,NP,13,McCandless Tot Lot,McCandless Park,McCandless Park,Northeast,376.61683219,6466049c-ed79-4b4a-a7fd-eee9db4eaba5,pgh.admin,2021-11-02T15:32:09.725000+00:00,pgh.admin,2021-11-02T15:32:09.725000+00:00,Parks - Northeast,0.199829795978656,ffcecfad-5c6b-4f92-b929-8013f9312002,1399.38671875,151.005754616547
202,130,10.10782472,440295.08360258,Community Park,CP,5,Moore Park,Moore Park,Moore Park,Southern,2752.13027248,50baa3f0-758b-4bbb-98d6-3c07b42a0826,pgh.admin,2021-11-02T15:32:09.725000+00:00,pgh.admin,2021-11-02T15:32:09.725000+00:00,Parks - Southern,10.1078247196556,f449b718-3dda-44b1-9181-1d787aba3872,70625.76171875,1101.70599156565
203,160,258.60428875,11264757.7587939,Regional Park,RP,2,Riverview Park,Riverview Park,Riverview Park,Northern,72135.8705385,bfa19f54-250b-4e8e-9898-5a8f45e003b8,pgh.admin,2021-11-02T15:32:09.725000+00:00,pgh.admin,2021-11-02T15:32:09.725000+00:00,Parks - Northern,258.604288750231,d1003489-97bd-40f0-ae36-10b274111f4c,1811033.609375,28925.1318131614
204,61,0.13258774,5775.49885771,Neighborhood Park,NP,4,Esplen Tot Lot,Esplen Park,Esplen Park,Western,365.82805247,3be60947-2c73-4a72-b6d0-3461abc6e3d2,pgh.admin,2021-11-02T15:32:09.725000+00:00,pgh.admin,2021-11-02T15:32:09.725000+00:00,Parks - Western,0.132587740123434,78dd1c12-e369-4ccc-b8a3-a4240ddd8b49,927.9453125,127.760359206496
205,65,1.76197212,76751.19864669,Neighborhood Park,NP,3,Fineview Playground,Fineview Park,Fineview Park,Northern,1108.51197838,db4b7e9e-0652-4636-8213-593a7cfc5953,pgh.admin,2021-11-02T15:32:09.725000+00:00,pgh.admin,2021-11-02T15:32:09.725000+00:00,Parks - Northern,1.76197212241509,ab1d660e-627f-4a0d-8190-c4e36ece2e46,12331.94140625,444.230416420814
206,143,9.278443,404167.36056625,Regional Park,RP,6,Olympia Park,Emerald View Park - Olympia Park,Emerald View Regional Park,Western,2810.16261338,5217a635-cba9-4f1e-93c7-a604fc8f59e3,pgh.admin,2021-11-02T15:32:09.725000+00:00,pgh.admin,2021-11-02T15:32:09.725000+00:00,Parks - Western,9.27844300368542,d0376890-73e8-4f7a-8e81-fcdda30bd341,64880.2578125,1126.68716747355
207,89,377.91057675,16461718.8762973,Regional Park,RP,12,Highland Park,Highland Park,Highland Park,Northeast,107319.676945,c9e4bd66-e2b3-4f4a-b49b-a9f1ee0688b3,pgh.admin,2021-11-02T15:32:09.725000+00:00,pgh.admin,2021-11-02T15:32:09.725000+00:00,Parks - Northeast,377.910576753222,84992398-328a-4743-9074-fb52e05a4a7d,2646461.42578125,43040.5950903328
208,79,33.44327209,1456783.10493,Regional Park,RP,6,Grandview Park,Emerald View Park - Grandview Park,Emerald View Regional Park,Southern,14446.4975317,aeeefde8-4347-4ab7-8bdf-bc2bedd16135,pgh.admin,2021-11-02T15:32:09.725000+00:00,pgh.admin,2021-11-02T15:32:09.725000+00:00,Parks - Western,33.4432720863155,7323036b-b19c-461e-9b0c-09acb27febf6,233823.89453125,5785.00491624445
209,34,7.04343072,306810.61484275,Neighborhood Park,NP,11,Chadwick Rec Center,Chadwick Park,Chadwick Park,Eastern,2425.2027917,ad00f128-3d9f-4bfd-93e9-98fe0d4241a4,pgh.admin,2021-11-02T15:32:09.725000+00:00,pgh.admin,2021-11-02T15:32:09.725000+00:00,Parks - Northeast,7.04343071829418,3725411c-a8cd-422f-8161-d5b50184eba0,49302.0078125,1009.7314465248
210,37,0.87432757,38085.55663694,Neighborhood Park,NP,7,Cobden St Bsktbl Ct,Cobden Street Park,Cobden St. Park,Southern,825.91850831,fb470340-f4f8-460a-8a16-f16e333573d9,pgh.admin,2021-11-02T15:32:09.725000+00:00,pgh.admin,2021-11-02T15:32:09.725000+00:00,Parks - Southern,0.874327570698412,272a92f7-f5c1-4446-b11b-61277b8f6af0,6111.703125,330.679923562791
211,170,57.31134955,2496472.40034895,Community Park,CP,7,Southside Park,Southside Park,Southside Park,Southern,15701.0199754,95cc2ac5-a1c2-4648-a584-a51d1cc70630,pgh.admin,2021-11-02T15:32:09.725000+00:00,pgh.admin,2021-11-02T15:32:09.725000+00:00,Parks - Southern,57.3113495470274,6e935765-c7cd-4bf8-8abf-537da2884294,400636.15625,6189.72414637318
212,87,5.10806965,222506.62379921,Neighborhood Park,NP,12,Heths Playground,Heth's Park,Heth's Park,Northeast,2181.06130748,a6a4ac92-5a00-4af5-9f11-716e51079fea,pgh.admin,2021-11-02T15:32:09.725000+00:00,pgh.admin,2021-11-02T15:32:09.725000+00:00,Parks - Northeast,5.10806964711613,98f1171c-73f7-46da-bcb6-9e7fb0842838,35767.87109375,875.156726710089
213,153,23.08845927,1005729.262996,Community Park,CP,5,Phillips Park,Phillips Park,Phillips Park,Southern,7113.21285449,24cd4273-9d1a-4886-a9f1-a3c4a9d50196,pgh.admin,2021-11-02T15:32:09.725000+00:00,pgh.admin,2021-11-02T15:32:09.725000+00:00,Parks - Southern,23.0884592728449,4c7a6ee1-3562-489b-9509-d56e773289b4,161256.88671875,2826.14399790667
214,28,56.0593594,2441935.92775625,Community Park,CP,5,Brookline Memorial Park,Brookline Memorial Park,Brookline Memorial Park,Southern,9152.84161215,041dc569-0b41-4383-bed6-df92c7b07dca,pgh.admin,2021-11-02T15:32:09.725000+00:00,pgh.admin,2021-11-02T15:32:09.725000+00:00,Parks - Southern,56.0593594014983,54dac7b8-c712-4f3a-a764-3845ec0a2339,391526.21875,3540.38560669717
34264,71,594.57146997,25899429.6338722,Regional Park,RP,10,Frick Park,Frick Park,Frick Park,Eastern,75685.9897736,4012cac2-c9fc-4074-8331-0c10b213ef16,pgh.admin,2021-11-02T15:32:09.725000+00:00,pgh.admin,2021-11-02T15:32:09.725000+00:00,Parks - Eastern,594.571469970192,1c3186bc-f40b-4964-975f-691cc1e515e2,4157443.01953125,27417.6178468842
154799,227,0.57381396,24995.23631677,Special Use Park,SU,,,Arlington Gym,,,,,pgh.admin,2021-11-02T15:32:09.725000+00:00,pgh.admin,2021-11-02T15:32:09.725000+00:00,Parks - Southern,0.573813964600912,7f2c24fc-77c1-4613-a2a6-84828b736ae9,4011.046875,274.845251683974
246802,214,3.2963859,143589.99534013,Neighborhood Park,NP,12,Liberty Green Park,Liberty Green Park,Liberty Green Park,Northeast,1386.2216884, ,pgh.admin,2021-11-02T15:32:09.725000+00:00,pgh.admin,2021-11-02T15:32:09.725000+00:00,Parks - Northeast,3.296386,c3e7f466-4d5f-4fa0-8837-b4a823a16a48,23072.11328125,931.747771525536
324421,324421,0.09182823,4000.02163982,Neighborhood Park,NP,7,Esser Plaza Park,Esser Plaza Park,Esser Plaza Park,Southern,384.92560266,,pgh.admin,2021-11-02T15:32:09.725000+00:00,pgh.admin,2021-11-02T15:32:09.725000+00:00,Parks - Southern,9.18282286490579E-02,e315755b-173e-4a0a-9dc3-32c2e93e10b8,642.0703125,107.58207998066
379223,119858,2.47124369,107646.94460254,Community Park,CP,16,I579 Cap Park,Frankie Pace Park,I579 Cap Park,Northern,930.75705268,,pgh.admin,2021-11-02T15:32:09.725000+00:00,pgh.admin,2021-11-02T15:32:09.725000+00:00,Parks - Northern,2.47124369125767,4283d2ed-c951-4bd8-857d-d0a3e8893147,17285.43359375,853.960014130089
